delivery_id,delivery_date,delivery_status,order_id,delivery_cost
1,2020-06-16,ordered,54-366-6861,60.51
2,2020-08-25,ordered,63-761-3686,96.75
3,2021-08-17,delivered,65-351-6434,36.37
4,2021-08-17,ordered,36-917-2834,5.49
5,2020-12-21,in_van,86-114-9232,63.64
6,2020-03-01,delivered,67-709-5581,5.04
7,2021-10-06,ready,80-076-4032,56.95
8,2021-10-12,ordered,56-271-4185,91.05
9,2021-12-27,ready,43-052-9931,86.28
10,2020-03-05,delivered,15-663-0481,31.34
11,2019-07-20,delivered,23-582-1221,85.08
12,2022-06-26,delivered,61-057-1975,25.98
13,2020-12-05,ordered,87-599-0366,96.84
14,2022-04-16,delivered,85-795-3011,31.22
15,2020-08-23,delivered,08-270-7581,88.76
16,2020-10-01,delivered,05-410-4163,63.21
17,2019-09-07,ordered,82-639-1298,17.25
18,2021-04-30,ordered,81-875-5053,39.30
19,2020-04-15,in_van,69-780-6998,53.56
20,2020-04-24,ordered,45-989-0711,28.60
21,2019-10-03,ordered,10-052-8149,61.97
22,2021-06-09,ordered,87-988-3093,36.98
23,2020-06-04,ready,04-812-8753,27.07
24,2021-11-03,ready,56-331-9919,60.52
25,2020-02-03,ready,35-371-2486,56.51
26,2019-09-14,ordered,24-714-2660,10.69
27,2020-08-28,in_van,00-465-7031,95.63
28,2021-04-23,ordered,01-975-7149,27.41
29,2019-08-09,ordered,92-747-8084,41.35
30,2022-04-14,ordered,81-819-6997,81.65
31,2022-01-28,ordered,48-370-5933,29.39
32,2021-04-04,ordered,87-939-7467,80.78
33,2021-11-24,in_van,20-205-9814,89.49
34,2022-04-08,in_van,37-563-3518,85.67
35,2019-08-13,in_van,35-988-0040,3.41
36,2022-02-28,in_van,60-197-5739,84.09
37,2019-08-11,in_van,36-383-1600,49.69
38,2022-05-04,delivered,61-096-3317,15.90
39,2020-10-06,delivered,30-867-3284,80.86
40,2021-01-29,ordered,29-601-2712,33.70
41,2019-08-14,delivered,28-387-3547,18.60
42,2021-11-26,ordered,33-596-6321,86.02
43,2019-09-29,in_van,48-873-2607,35.33
44,2022-04-13,in_van,46-671-2432,31.82
45,2020-12-12,ordered,67-067-9693,54.59
46,2022-11-22,ordered,94-148-7497,51.93
47,2021-08-16,ready,90-921-1904,45.57
48,2021-06-13,ordered,87-546-5058,78.35
49,2021-02-05,ready,25-522-2006,17.19
50,2022-03-08,in_van,69-765-1585,83.86
51,2022-12-02,ready,17-146-9681,91.47
52,2019-12-19,ordered,76-063-7709,60.40
53,2022-05-28,in_van,39-647-4894,22.02
54,2020-03-31,in_van,84-561-9421,32.74
55,2021-01-14,ready,08-152-8962,51.13
56,2022-08-15,delivered,83-499-1350,54.68
57,2022-03-28,in_van,39-613-0627,62.40
58,2022-02-16,in_van,56-545-1829,63.51
59,2021-10-13,in_van,42-906-2475,3.76
60,2020-08-25,ordered,90-989-2851,43.56
61,2021-06-20,ready,17-851-5705,9.37
62,2021-01-15,ordered,20-698-8725,81.98
63,2021-12-04,ordered,62-918-2454,21.45
64,2019-11-06,ready,09-019-6593,32.78
65,2019-07-04,in_van,73-876-5941,46.02
66,2021-10-09,in_van,05-825-9260,95.19
67,2021-09-06,delivered,55-263-8669,31.52
68,2020-08-31,delivered,75-655-7346,55.26
69,2019-08-07,delivered,23-760-0421,82.34
70,2022-10-19,in_van,02-938-1657,48.78
71,2021-12-20,in_van,00-669-6040,29.71
72,2019-08-18,delivered,58-064-3049,48.52
73,2020-05-29,in_van,30-969-9125,26.73
74,2019-12-12,ready,89-262-2574,19.95
75,2022-05-18,ordered,56-933-2115,22.75
76,2021-06-09,ordered,14-210-2413,22.40
77,2021-04-29,ready,51-322-7429,65.44
78,2022-01-25,ready,57-755-0191,55.93
79,2021-08-15,ordered,49-841-5624,45.30
80,2019-07-18,ordered,58-287-7773,7.25
81,2022-08-13,in_van,91-284-4644,69.28
82,2021-01-09,ready,49-366-5985,17.37
83,2022-07-07,ready,40-107-4974,15.72
84,2020-07-04,delivered,46-301-6761,71.12
85,2022-08-22,delivered,02-266-1313,9.94
86,2020-11-21,ordered,60-270-8291,4.27
87,2020-12-14,delivered,68-226-7897,64.77
88,2019-11-02,ordered,69-624-5454,77.22
89,2022-08-25,ordered,90-389-3298,29.57
90,2020-02-25,ready,84-017-7714,71.10
91,2019-11-04,in_van,36-779-8330,30.69
92,2019-09-14,ready,89-464-8624,5.97
93,2022-08-17,ready,14-224-3137,64.97
94,2019-11-02,delivered,30-148-2955,83.78
95,2022-05-08,ready,65-301-1388,28.90
96,2022-02-20,in_van,55-734-7101,4.52
97,2021-04-20,ordered,92-838-7961,47.22
98,2021-01-23,delivered,46-715-1183,60.19
99,2021-12-14,delivered,64-569-9390,13.63
100,2020-03-01,ready,92-282-7155,22.46
101,2022-06-08,ready,31-576-8678,92.87
102,2021-06-20,delivered,86-581-4964,76.56
103,2019-10-14,in_van,56-840-9304,16.00
104,2022-08-14,ordered,52-071-2704,16.17
105,2021-12-21,ordered,80-215-3898,74.87
106,2020-02-19,ordered,44-357-1100,65.51
107,2020-02-29,ready,22-904-5860,4.66
108,2022-12-13,delivered,07-113-3748,49.98
109,2021-12-30,ordered,24-998-9967,65.47
110,2021-05-07,ordered,80-923-1183,70.45
111,2019-09-19,delivered,10-390-3471,44.70
112,2020-03-11,delivered,28-608-5137,63.85
113,2021-12-31,ordered,12-837-0577,27.86
114,2021-05-08,ordered,25-485-3794,52.95
115,2022-09-22,in_van,78-407-9810,92.87
116,2022-07-18,ordered,57-417-7291,43.79
117,2021-02-04,ordered,27-077-0389,24.52
118,2021-12-16,ordered,31-607-0351,45.83
119,2022-01-24,ready,15-667-9235,79.34
120,2022-06-17,ready,76-705-8000,1.65
121,2020-12-24,delivered,97-507-9861,77.23
122,2019-11-21,in_van,53-430-9568,37.86
123,2020-01-19,delivered,98-889-5403,84.98
124,2021-10-06,in_van,12-128-2576,98.05
125,2020-04-29,in_van,03-825-5219,71.27
126,2020-06-13,ready,78-806-0853,62.60
127,2020-06-06,delivered,39-843-1059,19.09
128,2022-08-05,ordered,70-424-5723,29.33
129,2021-08-10,delivered,34-629-9123,81.01
130,2020-08-17,ordered,52-984-2592,93.41
131,2022-10-06,ordered,01-423-8434,75.60
132,2021-09-28,delivered,31-340-1373,25.49
133,2020-01-13,ordered,43-009-8040,61.92
134,2021-09-04,ready,84-854-1349,91.86
135,2021-08-30,ordered,46-969-1933,34.87
136,2022-08-08,delivered,86-161-8508,88.17
137,2022-08-24,ready,69-607-3610,37.78
138,2021-05-26,ready,51-955-2727,89.59
139,2021-08-11,delivered,40-192-8164,47.78
140,2020-07-06,ready,53-585-4586,58.92
141,2020-08-15,ready,56-076-6137,51.72
142,2020-12-23,ready,06-457-9925,8.35
143,2019-09-23,delivered,51-007-0849,75.14
144,2021-02-05,ordered,64-446-6092,97.10
145,2022-10-13,delivered,62-768-3976,13.66
146,2022-07-27,ordered,45-594-5624,68.57
147,2021-10-14,in_van,46-892-9399,31.43
148,2022-12-12,ready,74-302-4817,82.93
149,2020-10-02,delivered,07-116-3515,40.99
150,2020-02-13,in_van,04-743-8019,66.59
151,2021-09-22,ready,09-896-5300,83.75
152,2022-09-30,in_van,36-816-5383,54.94
153,2020-02-10,ready,76-380-8355,13.06
154,2019-08-05,ordered,19-953-6477,87.07
155,2022-11-15,in_van,61-841-5883,97.23
156,2019-09-16,delivered,83-924-4913,75.28
157,2019-11-24,ready,36-480-1277,99.83
158,2021-05-08,in_van,76-176-1093,50.71
159,2019-08-07,delivered,63-204-3800,47.73
160,2021-06-28,ready,13-018-1111,67.70
161,2022-05-28,ordered,77-561-4347,47.71
162,2020-11-27,ordered,43-238-0006,43.53
163,2020-10-02,ready,59-380-4206,2.09
164,2022-02-14,ready,21-039-2999,20.84
165,2019-12-23,ordered,28-882-5933,57.71
166,2021-10-27,ordered,65-080-5283,59.75
167,2019-12-23,delivered,74-564-7314,8.28
168,2021-04-29,ready,45-033-9684,27.00
169,2020-06-14,in_van,76-855-7164,75.64
170,2021-03-17,ordered,28-703-1952,89.82
171,2021-09-15,ordered,29-773-5797,8.47
172,2021-05-24,ready,19-768-2646,8.53
173,2020-08-19,in_van,08-659-6030,55.70
174,2021-04-09,in_van,96-993-3962,24.89
175,2020-10-24,ordered,83-220-9837,2.70
176,2021-02-24,ready,31-121-8822,78.44
177,2019-08-29,delivered,65-311-3002,36.42
178,2020-07-14,ordered,50-817-8023,23.52
179,2020-07-17,in_van,11-397-2150,63.96
180,2020-03-06,ready,07-322-4153,41.62
181,2022-06-07,delivered,84-724-9712,50.37
182,2021-09-13,delivered,75-362-1645,13.54
183,2020-09-22,delivered,76-627-0236,97.28
184,2020-09-24,ready,40-168-4233,72.25
185,2020-08-07,delivered,25-850-5723,74.83
186,2020-01-08,in_van,85-463-0651,21.16
187,2020-08-04,in_van,64-141-5718,73.19
188,2020-04-28,ready,35-427-7418,80.50
189,2020-11-03,in_van,12-648-4718,45.69
190,2022-06-06,ordered,37-765-3279,80.16
191,2020-12-10,ready,91-332-6187,28.26
192,2022-04-04,ordered,25-093-8535,52.61
193,2019-11-22,ready,59-493-4419,8.32
194,2021-08-18,ready,56-307-1423,45.10
195,2022-03-01,ordered,06-887-6332,14.80
196,2019-10-25,in_van,11-835-2932,21.93
197,2020-07-27,in_van,01-981-5069,96.46
198,2020-12-16,in_van,39-547-3173,30.53
199,2020-01-15,ready,50-185-4137,2.32
200,2022-07-19,ordered,89-513-4206,32.21
201,2021-06-26,delivered,53-974-4637,99.85
202,2020-06-26,delivered,53-763-8296,39.92
203,2020-06-21,ready,82-589-4385,49.17
204,2021-07-05,delivered,79-638-3210,48.07
205,2020-10-04,ready,93-057-9662,40.00
206,2022-10-13,ordered,45-742-2253,37.08
207,2021-01-30,ready,13-555-4988,97.27
208,2022-06-21,delivered,56-195-4013,94.01
209,2022-01-23,delivered,55-443-2920,24.21
210,2019-11-25,in_van,49-429-0115,67.14
211,2019-12-22,delivered,89-997-5952,77.04
212,2021-08-08,ordered,98-148-9592,53.91
213,2021-06-03,ready,89-865-3770,82.12
214,2019-11-15,ready,00-350-1396,81.13
215,2021-02-12,ordered,91-121-2326,34.47
216,2020-12-01,ordered,90-878-2657,94.12
217,2022-09-17,ready,67-961-1567,60.59
218,2021-10-04,delivered,80-461-9387,95.67
219,2021-06-06,delivered,38-478-1265,98.80
220,2022-12-07,ordered,42-829-4772,1.11
221,2019-10-21,in_van,84-681-6641,34.25
222,2021-06-21,ordered,68-473-3919,90.73
223,2020-04-23,ready,07-634-6294,68.10
224,2022-05-05,ordered,73-455-3435,26.88
225,2020-03-09,delivered,17-396-0834,81.75
226,2022-04-15,delivered,13-235-5773,34.11
227,2020-06-28,delivered,22-501-9215,40.64
228,2021-01-07,ready,53-401-6179,42.55
229,2020-10-02,ready,06-934-9396,27.72
230,2019-11-01,delivered,29-600-8355,76.57
231,2020-05-12,ordered,65-966-4872,52.89
232,2022-07-08,ready,31-593-0632,33.88
233,2021-06-22,ready,89-100-6055,51.49
234,2022-10-26,in_van,31-087-9491,40.12
235,2021-03-27,in_van,88-367-5894,79.15
236,2021-11-24,ordered,97-219-4069,76.19
237,2022-07-24,delivered,33-755-4654,88.95
238,2021-06-20,ready,98-391-7796,38.71
239,2020-03-31,delivered,13-469-9343,95.04
240,2020-10-01,ready,86-275-9654,14.62
241,2022-03-17,ordered,30-791-3047,97.35
242,2022-03-03,in_van,13-673-8989,72.19
243,2021-02-21,delivered,01-855-8188,32.18
244,2021-07-27,delivered,28-341-5469,84.32
245,2020-11-28,ready,31-221-4991,16.43
246,2020-08-27,ordered,22-872-7952,29.68
247,2022-08-27,ready,12-346-4013,17.98
248,2022-06-12,ordered,89-285-0567,63.49
249,2021-03-27,delivered,65-170-4476,22.11
250,2020-07-06,ordered,33-207-9048,11.59
251,2020-06-18,ordered,72-099-2457,21.36
252,2021-05-01,ready,08-483-5677,79.73
253,2021-02-13,ordered,79-268-0334,15.22
254,2022-08-09,ordered,90-006-4375,65.41
255,2021-07-15,ready,04-904-4552,2.73
256,2022-01-09,delivered,21-104-5976,23.13
257,2019-08-20,in_van,31-073-7194,1.29
258,2022-06-17,delivered,88-813-0409,95.47
259,2022-07-02,in_van,91-163-7915,68.15
260,2021-02-23,in_van,58-419-3322,67.86
261,2022-02-08,in_van,35-795-9456,75.78
262,2019-07-28,ready,60-081-1759,37.47
263,2021-11-04,ready,35-907-6473,71.27
264,2022-11-08,in_van,47-441-1628,9.14
265,2020-09-27,delivered,58-376-5889,23.55
266,2020-07-11,delivered,26-437-6628,49.99
267,2019-10-02,ordered,77-827-0603,69.30
268,2020-06-04,delivered,54-555-7832,45.19
269,2021-01-16,ready,30-082-2867,95.17
270,2020-05-23,delivered,67-455-5976,12.29
271,2020-08-13,ready,34-970-4387,71.09
272,2020-07-06,ready,75-883-4614,2.96
273,2020-06-01,ordered,71-373-6387,12.42
274,2022-11-26,ordered,31-807-7846,28.42
275,2021-06-15,ready,14-376-2485,48.27
276,2021-01-23,in_van,58-251-6487,15.31
277,2020-02-22,ready,60-913-9847,53.96
278,2022-01-10,in_van,84-951-9107,63.30
279,2022-05-04,delivered,68-012-9190,69.98
280,2020-01-01,delivered,73-985-2542,5.11
281,2020-08-12,delivered,34-415-8074,2.44
282,2020-11-12,delivered,18-252-1922,88.13
283,2021-07-29,ordered,92-795-7087,45.10
284,2019-10-05,in_van,78-352-3174,82.69
285,2020-07-31,ready,13-912-7109,83.03
286,2020-04-27,ready,03-893-8767,84.78
287,2022-06-25,ready,37-082-5374,31.42
288,2021-09-12,ready,33-541-8718,62.45
289,2020-09-13,delivered,22-437-6211,87.14
290,2021-06-01,in_van,33-583-4747,7.61
291,2020-04-26,ordered,71-485-0830,35.76
292,2021-03-24,ready,82-422-7097,80.41
293,2022-09-28,ready,72-207-0940,54.17
294,2022-04-30,ordered,11-741-2205,75.00
295,2020-08-04,delivered,69-218-2694,86.70
296,2022-09-25,ordered,67-816-5527,97.38
297,2022-11-03,ordered,29-353-4988,5.50
298,2020-06-26,in_van,27-991-7078,85.02
299,2020-07-22,in_van,15-260-9895,37.31
300,2022-05-26,delivered,87-409-2090,88.46
301,2020-11-20,ready,07-244-2129,40.45
302,2022-04-04,ordered,85-912-4773,82.00
303,2021-09-09,in_van,69-817-5553,19.23
304,2021-04-03,in_van,96-173-6690,23.70
305,2020-04-02,in_van,60-078-2571,33.39
306,2021-10-28,delivered,52-104-3482,50.68
307,2022-02-21,delivered,22-697-0930,41.52
308,2020-01-13,delivered,75-463-0491,67.13
309,2022-08-20,delivered,45-519-3808,47.99
310,2019-07-19,ready,08-660-0159,22.97
311,2020-10-14,ordered,94-211-8782,62.99
312,2020-03-12,in_van,56-184-4508,80.79
313,2022-10-23,ordered,49-337-9727,6.88
314,2021-02-02,delivered,49-934-7149,79.07
315,2019-10-02,delivered,39-201-1204,18.74
316,2020-05-20,in_van,29-546-8618,15.15
317,2022-06-28,delivered,95-337-7409,39.81
318,2021-09-02,in_van,76-769-5168,22.93
319,2022-11-26,ready,04-546-8049,69.65
320,2020-06-07,delivered,90-317-7928,46.94
321,2022-04-28,delivered,67-172-7841,22.59
322,2022-07-23,ready,46-686-0158,31.08
323,2020-11-04,in_van,97-004-1775,41.56
324,2021-06-22,ready,87-763-3059,27.66
325,2020-07-19,ordered,41-622-4465,56.36
326,2022-08-20,ready,65-907-3127,19.52
327,2021-12-03,ordered,52-348-6923,58.53
328,2022-04-08,delivered,61-533-3161,62.25
329,2021-08-06,in_van,24-332-5305,4.39
330,2019-09-28,delivered,32-923-9697,93.67
331,2020-09-21,ordered,63-555-6345,24.52
332,2019-09-06,ready,65-249-5260,10.59
333,2021-05-24,delivered,00-008-3271,22.25
334,2021-10-01,ordered,31-404-5047,61.96
335,2020-08-20,delivered,78-040-2505,32.94
336,2022-08-19,in_van,74-603-8937,72.56
337,2019-08-27,ordered,98-293-6058,35.68
338,2020-10-26,ordered,99-207-8914,56.88
339,2019-12-13,delivered,13-698-5271,43.48
340,2021-07-27,in_van,27-295-8802,77.08
341,2022-10-19,ready,90-320-2065,39.54
342,2022-05-20,ordered,51-959-4742,60.62
343,2022-06-26,ordered,77-904-4749,23.21
344,2020-02-24,in_van,78-214-6816,78.77
345,2022-01-27,ready,19-560-5489,37.54
346,2020-10-24,delivered,41-179-7445,13.32
347,2021-10-18,ready,49-368-5121,9.06
348,2020-06-06,ready,12-718-1501,12.22
349,2019-11-05,ready,99-748-0471,48.03
350,2019-12-18,ready,84-864-3249,40.77
351,2021-10-12,ordered,94-106-4253,79.95
352,2021-09-30,ordered,03-464-8128,52.85
353,2020-10-22,ordered,46-031-2472,12.91
354,2022-08-27,delivered,84-041-9180,17.27
355,2022-03-08,ordered,45-780-6744,11.79
356,2019-10-04,delivered,75-714-6097,35.98
357,2020-08-20,delivered,76-913-8795,26.48
358,2020-10-02,delivered,08-855-8354,38.54
359,2020-04-11,ready,99-860-3106,91.08
360,2022-09-24,ordered,09-058-1844,44.96
361,2020-03-03,delivered,77-889-7684,45.13
362,2020-12-15,in_van,32-783-7159,94.08
363,2020-05-09,ordered,74-339-3540,57.79
364,2021-11-09,ordered,17-708-5350,64.82
365,2022-11-08,delivered,03-132-2890,43.71
366,2022-06-14,ordered,47-198-9429,51.90
367,2020-02-25,delivered,05-982-4967,30.86
368,2020-11-26,ordered,33-894-6676,58.67
369,2021-02-18,ready,33-667-2660,5.16
370,2022-11-17,in_van,43-134-2893,24.10
371,2022-01-13,ordered,74-346-3086,27.97
372,2022-09-20,ready,22-401-7510,47.10
373,2020-09-10,ready,97-662-2177,18.71
374,2019-09-05,ready,28-019-1318,97.04
375,2022-10-27,in_van,28-960-2783,30.83
376,2021-02-26,in_van,08-309-3649,54.27
377,2020-11-01,delivered,04-003-4647,84.47
378,2022-06-12,in_van,17-529-1692,58.57
379,2020-12-02,ready,26-281-8125,9.46
380,2022-05-28,in_van,55-676-1998,92.59
381,2021-11-10,delivered,66-610-1519,22.55
382,2022-12-28,ready,50-818-0337,12.72
383,2019-10-10,delivered,04-911-6551,70.44
384,2021-04-30,ordered,24-502-2774,96.19
385,2020-08-22,ordered,32-208-6721,78.26
386,2020-03-27,delivered,72-727-1317,97.89
387,2022-03-15,ready,01-715-3869,78.38
388,2021-08-14,delivered,51-349-8226,26.67
389,2021-08-01,ready,52-905-6091,46.79
390,2020-06-10,delivered,61-185-3517,80.25
391,2019-07-26,ready,71-409-7516,91.32
392,2020-10-13,ordered,29-587-2527,82.08
393,2019-11-02,delivered,92-521-6256,75.43
394,2023-01-06,ordered,54-815-3308,69.63
395,2022-11-03,in_van,23-898-9055,67.77
396,2019-09-17,delivered,64-918-4744,61.97
397,2019-12-09,delivered,10-370-7784,81.05
398,2021-01-08,ready,30-418-5129,94.09
399,2021-10-24,ordered,75-421-5444,9.08
400,2022-07-24,in_van,27-600-6800,97.84
401,2022-03-03,delivered,81-940-9983,96.68
402,2020-07-30,in_van,38-994-1709,87.37
403,2021-03-09,ordered,83-217-3894,66.91
404,2020-09-07,ordered,18-136-6969,48.14
405,2022-07-04,in_van,09-440-5820,78.92
406,2020-03-21,delivered,33-930-0109,93.82
407,2020-09-26,ready,22-561-9916,49.11
408,2019-10-02,delivered,19-156-3010,89.06
409,2022-05-04,ordered,51-247-0503,44.61
410,2020-10-21,in_van,07-808-6932,31.40
411,2022-07-10,ordered,25-912-8989,70.04
412,2022-06-23,in_van,71-197-3844,69.96
413,2022-07-08,ordered,38-624-7763,83.03
414,2022-10-25,ordered,96-813-6384,79.20
415,2020-08-15,delivered,98-920-8331,48.22
416,2020-11-11,ready,53-068-3680,91.92
417,2020-08-23,ready,70-349-8770,37.60
418,2022-06-08,ordered,19-522-8580,80.27
419,2021-08-16,ready,52-152-3371,60.71
420,2020-04-21,in_van,76-201-5085,97.00
421,2020-10-31,ordered,50-048-3933,66.96
422,2021-10-09,ordered,10-120-0016,35.10
423,2019-08-23,in_van,03-297-4257,82.94
424,2021-10-11,ready,40-486-8511,93.03
425,2023-01-01,delivered,04-976-7880,5.15
426,2019-08-03,in_van,29-728-2837,71.81
427,2021-12-28,in_van,11-769-7584,23.12
428,2020-11-30,ready,37-255-6435,47.24
429,2020-11-13,ready,71-140-6745,10.42
430,2019-07-07,ready,11-463-8439,53.58
431,2021-11-02,delivered,12-306-6646,34.58
432,2022-09-03,ordered,11-446-2659,34.74
433,2022-04-19,delivered,11-700-3520,64.55
434,2019-07-20,delivered,85-580-7392,63.79
435,2021-02-07,ordered,93-409-8648,4.19
436,2021-09-17,ordered,53-504-3875,11.54
437,2020-12-31,ordered,11-648-9765,35.27
438,2020-06-05,in_van,02-569-3156,41.55
439,2020-03-01,in_van,13-189-4080,11.60
440,2020-10-27,in_van,59-023-1187,97.43
441,2022-02-16,ordered,18-944-2420,88.20
442,2020-06-29,ordered,07-275-2696,49.51
443,2022-02-25,delivered,69-562-1762,63.21
444,2020-04-05,in_van,68-365-1512,70.29
445,2020-03-11,ready,92-809-9028,59.41
446,2022-03-23,in_van,77-206-4888,32.19
447,2020-11-24,ready,25-771-0744,19.61
448,2019-10-11,delivered,67-382-6166,22.97
449,2020-01-14,ready,10-814-8054,21.93
450,2021-04-16,delivered,97-710-0241,95.44
451,2019-08-09,delivered,89-306-1133,46.51
452,2021-04-18,delivered,78-692-7008,75.37
453,2020-08-03,delivered,25-433-9492,28.81
454,2020-04-23,ready,61-753-0334,83.15
455,2021-10-12,delivered,44-087-0146,23.66
456,2019-08-17,ordered,40-429-8594,34.81
457,2020-05-03,ready,18-237-6374,17.97
458,2020-10-28,ordered,15-307-8168,15.02
459,2019-08-09,delivered,37-103-3005,36.90
460,2022-05-09,ready,76-763-0657,10.31
461,2020-04-21,in_van,66-392-1377,45.20
462,2020-08-07,delivered,94-670-7121,28.47
463,2020-12-01,delivered,91-242-5776,96.60
464,2022-01-21,delivered,23-082-1065,42.07
465,2019-11-26,in_van,71-440-8512,54.58
466,2022-11-30,in_van,00-451-8857,48.81
467,2021-06-21,in_van,98-115-7191,38.87
468,2019-10-04,ready,43-566-9850,8.74
469,2021-11-29,ready,06-416-0671,56.17
470,2020-06-10,delivered,10-621-7662,11.13
471,2022-06-06,ordered,51-062-8739,57.97
472,2022-08-09,ordered,91-006-3876,73.07
473,2020-08-26,ordered,81-653-6035,87.28
474,2022-03-28,ordered,22-572-6325,43.16
475,2020-10-23,delivered,84-707-3314,16.13
476,2021-01-05,ordered,63-500-9286,81.93
477,2019-07-12,in_van,96-491-1316,72.37
478,2021-09-12,in_van,77-527-7922,2.37
479,2021-10-09,delivered,53-494-9541,71.60
480,2022-05-14,delivered,26-231-8897,90.55
481,2019-09-07,in_van,60-725-6733,23.37
482,2020-03-10,in_van,97-995-3154,76.50
483,2020-09-13,ready,25-339-5566,95.49
484,2019-08-29,in_van,35-587-5940,24.52
485,2021-02-16,ordered,53-433-8071,33.54
486,2019-09-20,delivered,59-613-6838,76.45
487,2022-08-28,ordered,02-699-8406,93.24
488,2020-05-30,delivered,80-258-5757,67.43
489,2021-08-23,delivered,15-297-7741,48.82
490,2022-11-28,ordered,81-109-8738,8.36
491,2021-03-05,delivered,80-784-2924,93.91
492,2020-10-03,delivered,12-371-9369,23.66
493,2020-04-24,ready,87-976-0252,38.14
494,2021-01-17,delivered,86-725-2449,19.04
495,2021-08-18,ordered,65-451-1818,52.84
496,2022-09-12,delivered,24-339-0545,78.22
497,2021-12-04,ordered,62-591-7981,95.46
498,2022-04-14,ready,15-197-3569,97.48
499,2022-04-27,ready,55-619-8849,54.48
500,2021-10-13,delivered,06-705-6026,60.42
501,2019-08-27,ready,08-316-6754,89.79
502,2021-04-12,ordered,55-932-3347,18.23
503,2021-04-01,ordered,32-049-4417,28.07
504,2019-12-08,in_van,80-890-3871,96.40
505,2020-06-27,ordered,44-701-3012,88.23
506,2020-10-08,delivered,78-803-3890,79.57
507,2022-09-22,ready,08-940-9111,72.74
508,2022-05-29,ready,41-597-5931,32.25
509,2021-05-07,ordered,85-961-5775,23.13
510,2022-11-30,delivered,81-898-7131,68.47
511,2019-12-19,ready,93-083-3241,40.45
512,2019-07-05,in_van,90-478-9446,22.47
513,2020-01-05,delivered,34-631-7695,47.57
514,2021-05-06,ready,68-844-1159,1.30
515,2021-01-07,delivered,27-774-9457,20.84
516,2022-04-09,ready,87-292-9640,48.29
517,2020-10-18,ordered,20-140-3398,22.16
518,2020-09-05,in_van,31-762-1168,98.88
519,2022-01-28,ordered,65-386-4145,73.62
520,2021-08-28,ordered,09-923-6077,15.75
521,2021-04-26,delivered,87-435-5817,38.29
522,2021-12-02,ordered,95-524-7993,46.97
523,2022-06-05,in_van,88-109-5070,82.01
524,2020-10-29,delivered,46-796-5628,38.39
525,2022-09-27,ordered,92-555-9940,79.15
526,2019-07-29,ordered,43-718-3224,53.86
527,2022-06-15,ready,95-587-8796,6.12
528,2019-10-31,delivered,84-976-0893,65.84
529,2019-07-17,ready,85-313-3288,32.08
530,2022-05-14,ordered,82-287-7415,65.68
531,2020-03-05,ordered,72-823-6963,8.48
532,2019-06-30,delivered,82-090-4450,47.03
533,2021-01-03,in_van,79-555-6824,62.50
534,2019-08-11,delivered,33-177-2796,67.22
535,2021-01-06,ready,13-435-8115,9.08
536,2019-12-14,in_van,92-833-3271,30.49
537,2022-09-28,ready,37-474-6061,89.27
538,2021-01-23,ready,96-257-8035,26.15
539,2020-10-27,delivered,61-097-0206,57.91
540,2020-05-06,delivered,58-326-4792,31.19
541,2020-09-07,ordered,93-396-2857,82.75
542,2022-02-17,delivered,48-335-5237,89.17
543,2020-09-30,ordered,74-034-2507,28.45
544,2021-05-16,ordered,80-768-1365,70.86
545,2022-07-05,in_van,00-283-3544,45.51
546,2021-02-27,delivered,68-323-6449,50.21
547,2020-02-07,ordered,30-124-4774,31.46
548,2021-02-15,delivered,61-509-9344,97.38
549,2021-02-12,delivered,66-276-1471,78.48
550,2021-12-20,in_van,29-595-2468,56.68
551,2020-03-08,ready,35-174-3155,25.46
552,2020-05-22,delivered,25-621-0618,84.22
553,2022-08-06,ordered,82-799-6775,7.13
554,2019-09-25,ordered,83-584-6805,17.95
555,2021-12-27,delivered,31-405-1090,22.20
556,2019-09-17,ready,47-102-5062,95.26
557,2022-07-14,ordered,53-541-9522,42.52
558,2021-08-25,ready,77-180-0305,74.55
559,2020-07-25,ordered,43-109-7017,84.75
560,2019-12-24,in_van,21-743-3530,56.75
561,2021-09-05,in_van,28-279-3419,31.20
562,2020-03-01,in_van,35-460-4013,56.95
563,2021-10-11,delivered,47-084-5361,54.82
564,2022-02-08,ordered,30-601-0133,85.69
565,2022-02-04,ready,70-350-8506,62.33
566,2020-01-29,ready,77-325-6969,12.55
567,2022-07-09,in_van,35-067-3364,70.38
568,2022-07-01,delivered,98-646-1456,38.75
569,2022-03-26,ready,70-821-6798,39.92
570,2022-06-07,in_van,51-960-7680,50.27
571,2020-08-03,ordered,45-436-6764,69.04
572,2020-03-04,ready,69-254-6693,34.06
573,2019-10-23,in_van,49-795-0099,71.84
574,2023-01-08,delivered,52-708-9153,1.54
575,2022-03-04,ready,05-378-2914,11.31
576,2019-10-19,ordered,09-522-5385,43.93
577,2020-07-06,delivered,01-754-7255,76.09
578,2021-04-09,delivered,53-851-0542,65.98
579,2022-11-15,ready,46-773-9492,90.81
580,2020-08-01,ordered,85-559-9663,98.91
581,2019-09-19,delivered,66-576-7484,67.12
582,2022-12-19,delivered,88-729-8334,55.99
583,2022-08-28,ready,44-877-6595,49.56
584,2021-12-07,delivered,32-596-3017,46.17
585,2021-03-21,ready,90-716-3855,46.14
586,2021-11-05,ordered,84-632-0013,53.31
587,2021-09-10,ordered,02-211-2785,10.21
588,2020-04-20,ordered,35-884-9148,20.57
589,2022-10-14,in_van,12-605-1676,82.35
590,2020-03-02,ready,38-750-7959,29.18
591,2020-11-09,in_van,11-821-0545,81.38
592,2020-01-02,ready,60-600-4172,92.50
593,2022-08-06,ordered,34-426-9335,71.17
594,2021-08-24,ordered,60-230-9043,34.78
595,2021-08-09,ordered,67-799-1881,79.10
596,2019-09-12,delivered,34-061-0340,33.65
597,2019-08-18,in_van,29-930-1681,28.92
598,2021-11-16,ordered,76-522-9855,16.49
599,2020-01-02,ready,77-986-1901,37.38
600,2021-11-25,delivered,65-329-2436,67.55
601,2020-05-22,delivered,83-597-0985,29.44
602,2020-07-04,ready,11-858-8042,18.25
603,2022-08-03,ordered,92-610-5614,37.33
604,2022-07-10,ordered,43-918-0203,49.17
605,2020-10-09,delivered,18-752-8277,19.57
606,2019-12-06,delivered,29-463-3688,9.05
607,2021-08-05,in_van,23-382-0687,58.26
608,2022-10-15,in_van,27-252-7456,90.72
609,2022-03-17,in_van,57-773-2064,55.56
610,2019-12-14,ordered,69-361-9646,34.66
611,2020-06-22,ready,42-108-7287,82.97
612,2020-08-06,ready,90-122-2737,3.49
613,2019-08-27,delivered,46-138-6582,85.16
614,2020-08-19,delivered,60-885-4424,88.47
615,2019-12-17,ordered,71-516-9998,19.20
616,2020-02-04,ordered,77-165-4390,68.66
617,2020-03-22,ordered,67-156-1140,81.20
618,2021-06-23,in_van,53-131-0339,16.63
619,2020-04-22,delivered,03-039-5845,58.35
620,2020-07-05,in_van,31-955-7364,64.76
621,2020-10-09,ready,75-606-4195,94.91
622,2021-02-02,delivered,63-453-3505,6.73
623,2022-02-21,ordered,81-493-5555,93.73
624,2021-09-07,in_van,96-049-6957,60.61
625,2022-11-05,in_van,53-661-8226,68.82
626,2022-09-03,delivered,72-015-0440,23.41
627,2022-08-31,in_van,35-326-1148,20.00
628,2020-04-05,ready,11-244-2193,52.22
629,2022-03-07,in_van,15-190-8465,15.81
630,2022-12-15,delivered,41-177-5682,77.94
631,2021-06-10,in_van,01-877-6020,6.20
632,2020-05-17,ordered,91-690-3480,77.15
633,2021-02-15,ready,74-314-5556,51.14
634,2020-10-16,in_van,73-900-4790,34.02
635,2021-11-24,ordered,44-379-6825,24.16
636,2021-10-22,ready,53-925-0103,87.74
637,2021-09-08,delivered,96-883-6756,62.02
638,2021-10-19,in_van,03-248-8148,57.26
639,2022-03-21,in_van,95-581-1944,94.66
640,2022-01-26,in_van,09-229-1754,17.22
641,2022-08-05,in_van,71-188-6549,6.66
642,2019-12-25,delivered,80-489-4967,29.86
643,2019-08-26,ordered,59-971-2896,90.70
644,2022-02-08,delivered,76-746-0202,3.26
645,2022-11-15,in_van,80-544-0183,65.76
646,2021-04-27,ordered,63-236-3555,69.64
647,2020-05-12,in_van,76-509-2544,87.84
648,2021-09-29,in_van,00-799-3091,66.85
649,2022-12-21,ordered,88-756-9391,3.90
650,2022-06-04,ordered,95-599-9120,92.42
651,2019-10-22,delivered,61-622-8419,97.39
652,2021-04-25,in_van,83-547-0450,42.27
653,2020-08-15,delivered,20-343-7160,63.38
654,2022-12-11,ready,39-607-8115,98.66
655,2022-11-26,in_van,43-799-4873,84.55
656,2019-11-28,delivered,16-609-1782,6.97
657,2020-09-26,ready,50-617-3367,90.58
658,2020-11-29,in_van,57-761-6559,1.93
659,2020-10-16,ordered,67-009-1409,57.59
660,2021-09-27,ready,83-687-4769,15.75
661,2022-12-31,ordered,57-683-6723,27.24
662,2021-04-03,delivered,87-535-8388,6.82
663,2020-11-23,delivered,61-799-5380,92.48
664,2021-07-29,delivered,16-386-7757,48.35
665,2020-10-09,ordered,39-040-2440,37.46
666,2019-09-21,ordered,66-665-1879,55.95
667,2019-08-27,delivered,22-001-6016,45.38
668,2021-08-16,ordered,58-149-3499,19.97
669,2021-03-27,ready,19-329-8137,45.82
670,2021-12-28,in_van,87-443-7001,13.72
671,2021-01-16,delivered,53-322-3671,2.88
672,2020-08-17,delivered,70-365-1885,68.35
673,2022-08-14,in_van,91-490-5244,18.38
674,2019-09-21,ready,80-616-9335,66.45
675,2020-10-17,ordered,84-007-9095,5.79
676,2022-10-02,ordered,70-276-7176,58.93
677,2022-08-04,ordered,44-439-4440,75.09
678,2021-09-28,in_van,32-023-4917,7.27
679,2022-05-29,in_van,93-829-0535,3.92
680,2021-09-18,delivered,22-867-9098,3.97
681,2020-05-24,ordered,33-395-8454,23.26
682,2021-05-16,in_van,23-636-0824,30.05
683,2019-06-29,in_van,62-201-9287,23.27
684,2022-11-28,delivered,86-227-8811,39.70
685,2021-02-22,ordered,25-432-8239,57.86
686,2020-03-04,delivered,92-487-3562,28.80
687,2019-07-26,delivered,59-738-2614,61.81
688,2020-08-22,ordered,46-627-8981,4.91
689,2021-01-17,delivered,92-859-5564,52.14
690,2021-11-23,delivered,95-581-6863,71.33
691,2020-10-30,ordered,87-766-3663,11.92
692,2021-11-29,delivered,28-376-6551,9.55
693,2022-09-20,ready,65-428-6495,55.57
694,2022-03-30,ready,24-690-6396,76.57
695,2021-09-22,in_van,46-576-0301,5.90
696,2020-04-30,in_van,83-262-1365,45.63
697,2021-05-28,delivered,86-425-5753,25.22
698,2021-06-17,ready,93-702-4764,76.28
699,2022-01-26,ready,51-493-6866,97.50
700,2021-06-09,ready,95-935-6126,99.91
701,2022-09-30,in_van,53-412-8787,75.97
702,2022-10-28,delivered,35-759-1971,55.79
703,2021-11-02,in_van,21-106-4079,27.37
704,2022-04-06,ordered,80-720-7802,29.43
705,2022-01-31,delivered,37-398-9630,60.30
706,2021-10-02,in_van,15-192-4862,98.37
707,2021-07-19,ordered,86-668-1105,1.89
708,2022-11-27,ready,05-024-1112,25.25
709,2022-12-06,ordered,85-868-5544,64.45
710,2019-10-17,ordered,49-404-6008,77.41
711,2021-08-16,ready,42-108-2633,32.98
712,2020-01-17,ready,23-824-2201,16.55
713,2019-06-16,ordered,90-256-2320,94.67
714,2020-12-27,delivered,99-679-0062,70.25
715,2020-09-08,delivered,54-322-1808,12.68
716,2022-03-15,ordered,43-850-7830,89.62
717,2020-04-07,ready,66-721-3658,85.98
718,2021-09-24,ready,82-445-5186,28.61
719,2021-03-02,in_van,79-627-2533,39.38
720,2022-09-25,ordered,43-634-6121,32.99
721,2022-03-13,delivered,67-723-0322,11.01
722,2022-01-16,ready,63-346-9064,92.43
723,2021-03-17,ready,50-747-1156,20.36
724,2020-09-01,ready,29-600-4791,26.10
725,2020-05-05,ordered,54-800-8042,87.22
726,2020-06-08,in_van,10-150-2658,47.62
727,2022-10-30,delivered,86-819-6178,89.17
728,2021-12-27,in_van,99-862-6759,59.34
729,2021-04-11,delivered,87-618-1229,95.57
730,2022-10-10,ordered,10-638-5334,45.76
731,2022-08-23,ready,90-359-2449,38.54
732,2020-12-19,ready,23-153-9991,74.77
733,2021-02-09,delivered,39-130-1094,42.38
734,2021-04-04,ready,29-260-4008,22.22
735,2019-11-13,delivered,23-364-4571,82.65
736,2022-04-20,ready,22-906-5872,78.30
737,2020-01-16,ready,26-326-8254,69.36
738,2022-05-19,ready,51-290-4538,78.89
739,2021-01-24,ready,40-476-8892,90.45
740,2021-05-28,ordered,86-606-8047,68.51
741,2022-03-30,ready,07-143-9471,70.16
742,2021-04-11,ready,05-822-0829,19.15
743,2019-09-11,delivered,64-941-6067,25.85
744,2019-09-03,in_van,44-969-2805,61.21
745,2020-12-26,ordered,41-201-7265,25.81
746,2021-01-16,ready,04-238-9179,48.96
747,2020-12-24,in_van,38-295-3172,14.14
748,2021-07-03,ordered,66-679-8766,46.39
749,2020-02-15,ready,75-556-0225,70.86
750,2020-03-08,delivered,95-025-5981,57.58
751,2020-02-22,ordered,07-312-6026,61.99
752,2021-05-25,delivered,46-072-3557,60.01
753,2022-03-12,ready,74-006-2266,84.96
754,2022-03-07,delivered,93-829-3135,23.14
755,2019-07-11,delivered,33-671-4773,98.37
756,2022-11-01,ready,38-694-5330,75.15
757,2021-09-11,ready,55-592-1782,37.97
758,2021-06-06,ready,92-880-1942,50.46
759,2020-08-15,ordered,36-019-1520,42.98
760,2022-05-13,ordered,49-961-9885,35.67
761,2023-01-05,ordered,90-877-0957,64.54
762,2021-12-14,in_van,09-185-3204,25.96
763,2021-09-14,in_van,37-656-4777,74.65
764,2021-07-20,in_van,65-432-1983,41.61
765,2020-01-07,ready,26-973-3455,6.99
766,2022-01-30,ready,99-346-2194,19.54
767,2020-02-07,ready,67-813-5657,24.01
768,2021-07-31,in_van,01-879-8004,3.53
769,2021-08-21,in_van,32-792-5231,72.53
770,2020-10-27,ordered,95-846-1036,98.30
771,2020-07-20,ordered,43-720-3267,63.50
772,2021-09-28,ordered,60-009-2815,58.29
773,2019-08-18,in_van,64-718-6202,24.65
774,2021-02-08,ordered,40-690-8134,97.24
775,2022-06-04,ordered,59-784-8988,19.02
776,2020-07-23,ordered,30-032-8406,15.04
777,2020-01-02,in_van,76-194-5836,74.30
778,2021-06-28,delivered,87-820-2746,92.69
779,2021-02-13,delivered,89-535-2329,25.73
780,2022-01-09,in_van,10-141-0121,6.69
781,2021-05-18,delivered,45-486-4534,8.09
782,2021-09-14,ready,34-230-0439,36.96
783,2021-04-13,in_van,24-102-1793,82.11
784,2021-04-14,delivered,00-822-8333,47.23
785,2021-05-02,in_van,31-669-5161,93.77
786,2020-11-30,in_van,37-691-9097,98.95
787,2020-07-04,ordered,72-306-1723,54.44
788,2021-05-04,ordered,53-622-3155,8.14
789,2020-11-21,ready,03-568-8174,37.51
790,2019-10-05,ready,05-318-1801,51.43
791,2020-09-01,ready,26-802-1005,74.70
792,2021-11-25,ordered,51-287-9364,36.44
793,2022-09-08,ready,15-272-2116,47.65
794,2022-11-17,ready,97-039-9333,25.11
795,2019-10-23,in_van,09-481-5023,65.94
796,2020-01-08,in_van,76-437-5698,7.28
797,2022-01-08,ordered,25-252-0068,27.89
798,2020-01-29,delivered,77-635-7433,93.07
799,2020-12-23,ordered,78-204-9950,58.74
800,2021-08-04,ready,77-367-2436,28.26
801,2022-01-15,ready,45-043-4851,85.99
802,2021-06-09,delivered,51-470-5294,33.22
803,2020-06-20,delivered,30-205-9759,20.05
804,2020-06-26,ordered,87-503-4703,59.57
805,2021-06-09,in_van,41-269-9772,4.85
806,2020-04-10,delivered,89-007-9559,6.42
807,2020-11-20,delivered,54-080-0702,31.71
808,2020-08-15,delivered,65-485-7254,15.68
809,2020-05-14,in_van,64-051-9774,73.42
810,2022-12-07,in_van,31-255-9487,46.07
811,2022-01-22,ready,97-623-6572,81.90
812,2022-02-01,delivered,79-946-2742,19.72
813,2020-03-21,ready,34-257-0115,61.44
814,2022-07-06,delivered,11-486-8739,3.27
815,2022-01-07,ready,21-385-2808,22.44
816,2020-09-14,in_van,30-790-3083,64.98
817,2022-05-30,in_van,40-599-5065,57.10
818,2022-02-01,ordered,42-438-0394,85.71
819,2019-06-29,ordered,71-828-3556,27.26
820,2021-01-24,delivered,51-420-8292,48.23
821,2022-02-15,ready,00-965-9450,52.49
822,2021-10-19,delivered,83-336-8250,20.58
823,2020-12-14,in_van,34-331-6365,87.91
824,2022-09-05,ordered,11-997-6382,38.53
825,2019-07-27,delivered,61-720-5633,87.11
826,2021-10-12,in_van,01-062-3384,22.51
827,2020-01-04,delivered,61-729-8958,48.72
828,2020-01-27,delivered,75-786-1124,51.42
829,2020-12-26,in_van,56-644-2509,20.37
830,2020-01-17,in_van,57-393-6200,51.08
831,2019-12-08,in_van,76-334-1448,53.49
832,2020-05-10,in_van,56-775-4607,90.55
833,2021-09-05,ordered,29-947-3866,30.22
834,2022-09-16,ready,32-317-3692,56.38
835,2021-07-07,delivered,26-461-5577,99.59
836,2020-10-06,delivered,30-715-2573,95.49
837,2019-10-29,ready,36-290-7816,56.21
838,2022-07-31,ordered,50-370-8158,15.52
839,2021-07-11,ready,92-776-2834,10.59
840,2020-04-10,ordered,61-501-5110,66.48
841,2019-06-28,in_van,29-952-5748,4.31
842,2019-07-06,in_van,86-400-9239,66.26
843,2021-03-20,in_van,79-850-0887,57.01
844,2020-11-26,delivered,31-302-3952,57.61
845,2021-02-06,ready,10-030-5503,10.89
846,2021-02-04,ready,24-041-3369,13.44
847,2021-06-03,ready,59-617-9817,17.10
848,2022-09-17,in_van,30-117-6174,49.23
849,2021-07-04,delivered,17-586-7905,66.41
850,2020-05-06,ordered,47-760-3761,1.60
851,2022-08-15,delivered,68-391-0908,41.00
852,2020-03-27,delivered,54-501-1389,93.73
853,2021-01-28,ready,99-900-7458,64.89
854,2021-03-10,ordered,55-250-4051,39.12
855,2022-06-30,ready,10-462-2908,71.65
856,2021-10-16,ordered,81-491-8325,46.74
857,2021-06-28,ordered,97-554-4987,26.74
858,2020-05-05,delivered,89-013-4600,94.37
859,2020-02-14,delivered,88-109-8460,3.80
860,2020-07-07,in_van,19-281-5590,83.50
861,2022-06-23,ready,61-721-9793,63.50
862,2021-05-10,ordered,77-083-7289,54.31
863,2021-10-11,ordered,95-551-4400,93.92
864,2022-05-20,ordered,29-577-3059,97.34
865,2020-06-24,in_van,43-663-3135,80.59
866,2021-06-04,ready,45-381-3607,98.46
867,2022-12-09,ready,02-732-6800,3.68
868,2019-08-22,in_van,50-475-9958,61.23
869,2020-10-19,ordered,92-873-3440,38.02
870,2021-10-04,ordered,41-640-4815,61.83
871,2020-03-04,delivered,45-153-3592,51.14
872,2022-01-23,delivered,80-984-7751,38.79
873,2019-11-09,in_van,31-014-4239,59.71
874,2021-05-03,in_van,71-274-0068,65.60
875,2020-12-05,in_van,40-081-7496,60.78
876,2022-06-17,delivered,54-413-3195,14.26
877,2021-03-02,delivered,64-427-6469,61.94
878,2021-11-21,delivered,89-266-9786,78.63
879,2022-02-21,ready,32-732-9550,98.47
880,2020-02-06,delivered,47-940-7720,14.67
881,2022-03-03,ordered,84-923-5585,77.90
882,2020-11-23,ordered,11-776-8532,79.71
883,2021-05-28,ready,40-708-8263,86.23
884,2021-09-19,in_van,19-798-0585,18.98
885,2022-09-16,ready,85-956-0185,96.80
886,2022-01-26,ready,49-275-9191,39.16
887,2021-10-20,in_van,62-507-3661,34.65
888,2020-06-15,delivered,50-030-7130,83.91
889,2021-10-31,in_van,19-530-8425,74.60
890,2020-11-05,ready,50-696-6686,94.51
891,2019-06-27,ordered,65-919-0733,24.09
892,2020-06-08,delivered,71-925-2450,64.54
893,2022-12-07,ready,52-523-5327,34.35
894,2020-03-25,in_van,30-087-5181,98.53
895,2021-11-18,ready,91-855-3626,81.55
896,2021-04-27,ordered,62-086-4242,53.18
897,2019-07-10,delivered,11-645-0948,56.37
898,2022-10-28,delivered,38-068-6643,17.36
899,2020-06-03,in_van,73-375-8634,65.23
900,2020-05-15,ready,96-458-9557,61.58
901,2019-12-07,ready,55-209-0374,81.10
902,2020-07-02,delivered,16-946-9856,29.24
903,2022-10-05,in_van,05-971-9045,5.93
904,2019-09-11,ready,06-075-0174,44.09
905,2020-03-14,in_van,67-748-7876,59.96
906,2021-06-08,ordered,97-246-5273,32.90
907,2022-10-28,ordered,02-715-2965,17.00
908,2020-07-27,delivered,82-505-2050,34.26
909,2021-07-21,ordered,84-039-6634,94.88
910,2020-11-30,ordered,91-659-9644,25.74
911,2020-07-05,ordered,21-164-7722,26.56
912,2020-02-14,delivered,36-898-0004,81.25
913,2022-06-08,in_van,95-007-7718,89.59
914,2022-09-30,ordered,03-955-4532,77.46
915,2021-07-14,in_van,58-753-8307,41.10
916,2020-03-28,ordered,47-612-6340,99.88
917,2019-12-23,ready,97-905-7691,39.14
918,2019-08-11,ready,26-929-8429,33.81
919,2021-02-11,delivered,92-660-8297,25.04
920,2021-04-13,ordered,37-675-7898,62.97
921,2021-01-13,delivered,93-892-9924,8.30
922,2020-06-14,delivered,77-779-8790,73.60
923,2019-11-17,ordered,95-666-2867,83.37
924,2021-01-17,ordered,24-934-3291,58.69
925,2020-11-05,delivered,36-505-9404,81.42
926,2021-07-10,ready,87-796-6079,89.75
927,2022-06-17,ordered,40-278-4324,27.96
928,2021-11-18,delivered,24-314-4867,3.18
929,2021-06-30,ready,85-196-6451,50.56
930,2019-08-15,delivered,67-413-6177,4.86
931,2020-12-07,delivered,65-262-1387,53.62
932,2022-07-13,ordered,69-817-7678,14.25
933,2021-10-06,delivered,17-253-1197,84.16
934,2020-12-25,ready,14-606-3655,61.04
935,2022-04-20,ready,99-664-1580,84.84
936,2021-08-01,ready,22-130-4513,77.64
937,2019-09-14,ordered,06-605-4865,63.42
938,2022-01-01,in_van,42-303-1476,60.25
939,2022-02-23,delivered,16-921-7992,94.51
940,2020-07-19,in_van,24-678-5042,8.47
941,2022-01-30,in_van,36-928-2921,79.35
942,2022-12-26,ready,15-090-5294,44.12
943,2020-06-15,ready,21-844-2539,31.11
944,2022-09-11,ordered,41-328-2835,13.82
945,2021-01-20,in_van,41-441-3097,76.69
946,2022-06-07,ready,43-461-0935,88.65
947,2021-05-26,delivered,37-273-5241,79.75
948,2020-06-01,ordered,32-377-0706,78.93
949,2022-07-21,ready,74-776-4460,93.63
950,2022-09-23,ordered,42-250-4316,54.36
951,2020-02-26,delivered,87-530-1190,50.13
952,2022-06-04,delivered,79-518-4381,80.59
953,2019-07-19,in_van,14-648-5507,1.49
954,2021-12-07,ready,74-980-5294,65.50
955,2021-03-01,delivered,17-264-8555,31.52
956,2021-11-03,ready,81-881-8993,58.19
957,2022-12-23,delivered,86-053-9440,57.11
958,2021-07-13,ready,58-300-9513,82.41
959,2021-01-31,ready,58-115-0437,35.40
960,2022-03-03,ordered,33-390-5032,11.80
961,2021-02-23,ready,30-724-0380,69.23
962,2022-05-28,ordered,01-733-5889,14.79
963,2022-12-25,in_van,80-349-3939,8.56
964,2021-12-24,ready,54-162-7684,39.97
965,2021-03-08,ordered,53-563-4345,36.43
966,2019-09-15,delivered,38-969-7419,96.44
967,2022-08-21,delivered,03-555-7951,65.53
968,2020-10-23,ordered,23-427-8106,74.87
969,2019-12-31,in_van,21-627-1027,79.28
970,2021-01-05,ordered,31-106-2180,62.94
971,2022-07-14,ordered,66-188-6911,14.45
972,2021-10-31,delivered,82-410-4692,17.51
973,2021-06-10,delivered,76-867-4343,79.63
974,2020-04-08,in_van,32-483-3668,97.86
975,2019-06-26,ordered,92-392-7061,67.47
976,2022-05-19,delivered,61-618-8783,2.33
977,2022-10-01,delivered,47-068-1396,75.76
978,2019-08-04,ordered,18-359-3465,97.50
979,2021-11-18,ordered,33-044-7954,99.07
980,2021-12-23,ready,19-189-3064,76.95
981,2019-11-18,ordered,36-478-2126,79.07
982,2020-09-25,ready,97-233-2887,89.12
983,2022-09-10,ordered,24-351-9777,91.98
984,2020-09-28,delivered,00-618-9205,62.81
985,2021-01-13,in_van,72-325-3096,34.16
986,2022-04-23,ready,14-316-4950,26.82
987,2021-07-21,in_van,66-525-3598,36.69
988,2019-09-30,ordered,66-056-8690,62.03
989,2020-10-25,delivered,66-501-9308,30.17
990,2021-05-17,ordered,97-946-2509,10.08
991,2021-04-16,ready,40-864-0766,14.19
992,2019-08-10,ready,25-177-6985,67.87
993,2021-07-11,ready,11-146-3342,31.25
994,2022-10-19,delivered,80-727-2984,34.68
995,2020-06-16,in_van,24-139-0192,22.68
996,2021-11-05,ordered,32-698-1958,49.46
997,2021-10-14,delivered,66-068-8313,28.02
998,2022-07-03,ready,02-311-4674,9.48
999,2020-12-23,in_van,85-569-0097,43.62
1000,2020-11-09,in_van,33-294-7116,55.72
