order_id,customer_id,order_date,cost,sales,quantity,discount,staff_id,menu_name,,,,,
00-008-3271,50-245-9029,2021-05-24,310.00,465.00,2,67.77,2,Palermo_6,,,,,
00-283-3544,07-369-4272,2022-07-02,69.38,104.07,2,53.53,5,Palermo_1,,,,,
00-350-1396,39-459-6791,2019-11-13,83.99,125.99,1,97.48,5,Palermo_5,,,,,
00-451-8857,11-253-6502,2022-11-29,225.00,337.50,1,20.00,4,Palermo_3,,,,,
00-465-7031,84-300-6499,2020-08-25,310.00,465.00,3,91.14,6,Athens_5,,,,,
00-618-9205,49-449-2339,2020-09-28,83.99,125.99,3,67.77,5,Athens_6,,,,,
00-669-6040,38-206-8901,2021-12-19,190.00,285.00,2,9.71,4,Roma_6,,,,,
00-799-3091,46-324-1886,2021-09-26,101.60,152.40,3,97.48,5,Athens_3,,,,,
00-822-8333,40-189-3632,2021-04-12,133.17,199.76,3,9.71,4,Ankara_6,,,,,
00-965-9450,63-784-1408,2022-02-15,168.27,252.41,2,37.04,6,Palermo_4,,,,,
01-062-3384,72-073-0415,2021-10-11,44.57,66.86,1,73.09,2,Palermo_1,,,,,
01-423-8434,84-031-0794,2022-10-03,75.00,112.50,3,17.40,4,Athens_4,,,,,
01-715-3869,85-164-1355,2022-03-13,91.84,137.76,3,37.04,6,Roma_6,,,,,
01-733-5889,32-395-2589,2022-05-28,83.99,125.99,1,20.00,6,Kusadasi_4,,,,,
01-754-7255,97-850-3306,2020-07-03,190.00,285.00,2,23.00,2,Corfu_5,,,,,
01-855-8188,68-435-7756,2021-02-19,320.00,480.00,3,61.49,3,Roma_6,,,,,
01-877-6020,07-280-9648,2021-06-09,52.08,78.12,2,54.08,2,Ankara_5,,,,,
01-879-8004,27-611-0020,2021-07-28,235.00,352.50,3,35.44,2,Corfu_5,,,,,
01-975-7149,93-913-0650,2021-04-22,225.00,337.50,3,97.48,1,Athens_1,,,,,
01-981-5069,85-779-8174,2020-07-26,75.00,112.50,2,54.08,1,Athens_1,,,,,
02-211-2785,68-296-9308,2021-09-09,52.08,78.12,3,68.89,3,Ankara_3,,,,,
02-266-1313,81-286-3465,2022-08-19,125.00,187.50,2,67.77,5,Corfu_4,,,,,
02-311-4674,58-358-2956,2022-06-30,124.62,186.93,1,89.84,2,Athens_5,,,,,
02-569-3156,51-678-5620,2020-06-03,235.00,352.50,1,11.23,2,Roma_2,,,,,
02-699-8406,09-563-6732,2022-08-26,310.00,465.00,2,9.12,6,Roma_4,,,,,
02-715-2965,59-575-5435,2022-10-26,190.00,285.00,3,91.41,5,Corfu_1,,,,,
02-732-6800,95-863-7435,2022-12-07,144.09,216.14,3,47.84,6,Palermo_5,,,,,
02-938-1657,25-492-4931,2022-10-16,225.00,337.50,1,91.41,1,Kusadasi_2,,,,,
03-039-5845,50-471-6999,2020-04-22,310.00,465.00,3,47.84,6,Ankara_3,,,,,
03-132-2890,44-057-4911,2022-11-05,91.84,137.76,2,35.44,2,Ankara_5,,,,,
03-248-8148,48-890-3098,2021-10-18,220.00,330.00,1,53.53,2,Palermo_6,,,,,
03-297-4257,46-176-6402,2019-08-23,190.00,285.00,2,73.09,6,Athens_4,,,,,
03-464-8128,66-302-7863,2021-09-30,220.00,330.00,3,54.08,4,Athens_6,,,,,
03-555-7951,80-277-5556,2022-08-21,75.00,112.50,2,89.84,6,Ankara_5,,,,,
03-568-8174,82-729-5605,2020-11-21,125.00,187.50,2,30.00,1,Palermo_6,,,,,
03-825-5219,36-854-2948,2020-04-29,52.08,78.12,2,20.00,6,Ankara_2,,,,,
03-893-8767,27-609-7148,2020-04-25,220.00,330.00,1,17.40,4,Palermo_6,,,,,
03-955-4532,33-530-9357,2022-09-28,44.57,66.86,1,37.04,3,Corfu_1,,,,,
04-003-4647,57-924-8318,2020-10-31,310.00,465.00,2,51.05,1,Roma_4,,,,,
04-238-9179,13-951-6935,2021-01-13,235.00,352.50,1,15.00,5,Roma_4,,,,,
04-546-8049,71-674-3925,2022-11-23,93.13,139.70,2,9.71,2,Corfu_6,,,,,
04-743-8019,80-273-1248,2020-02-12,119.80,179.70,1,61.49,1,Ankara_4,,,,,
04-812-8753,84-136-7752,2020-06-01,75.00,112.50,2,67.77,4,Palermo_5,,,,,
04-904-4552,93-077-9628,2021-07-14,91.84,137.76,2,17.40,5,Roma_6,,,,,
04-911-6551,72-364-9120,2019-10-09,144.09,216.14,2,54.08,5,Roma_5,,,,,
04-976-7880,18-234-4252,2022-12-31,168.27,252.41,2,9.12,6,Roma_2,,,,,
05-024-1112,57-799-5797,2022-11-27,225.00,337.50,3,61.49,2,Athens_5,,,,,
05-318-1801,77-869-4945,2019-10-05,235.00,352.50,1,37.04,1,Ankara_5,,,,,
05-378-2914,08-417-0042,2022-03-02,310.00,465.00,2,10.00,2,Palermo_5,,,,,
05-410-4163,75-558-6855,2020-09-30,133.17,199.76,3,24.00,4,Corfu_1,,,,,
05-822-0829,67-467-1171,2021-04-09,83.99,125.99,1,68.89,4,Roma_2,,,,,
05-825-9260,36-854-2570,2021-10-09,220.00,330.00,1,11.23,2,Corfu_2,,,,,
05-971-9045,54-536-6254,2022-10-03,320.00,480.00,2,11.23,2,Corfu_4,,,,,
05-982-4967,91-165-1485,2020-02-24,52.08,78.12,2,61.49,6,Corfu_6,,,,,
06-075-0174,29-219-2253,2019-09-09,210.00,315.00,3,51.05,5,Roma_4,,,,,
06-416-0671,81-541-0260,2021-11-26,168.27,252.41,2,11.23,5,Corfu_4,,,,,
06-457-9925,80-328-3018,2020-12-22,101.60,152.40,1,53.53,6,Roma_4,,,,,
06-605-4865,52-201-2191,2019-09-14,91.84,137.76,2,17.40,1,Corfu_5,,,,,
06-705-6026,77-585-5912,2021-10-12,83.99,125.99,3,11.23,2,Ankara_6,,,,,
06-887-6332,52-934-7220,2022-02-27,125.00,187.50,3,9.71,3,Kusadasi_3,,,,,
06-934-9396,14-968-9727,2020-09-30,144.09,216.14,2,98.01,6,Athens_2,,,,,
07-113-3748,82-632-3278,2022-12-13,235.00,352.50,3,37.04,4,Kusadasi_6,,,,,
07-116-3515,21-903-1493,2020-10-01,69.38,104.07,2,31.20,3,Athens_3,,,,,
07-143-9471,21-383-0942,2022-03-27,52.08,78.12,2,97.48,2,Palermo_1,,,,,
07-244-2129,76-263-1020,2020-11-18,52.08,78.12,2,9.12,1,Roma_3,,,,,
07-275-2696,64-337-3586,2020-06-27,210.00,315.00,1,91.41,5,Athens_1,,,,,
07-312-6026,42-547-8958,2020-02-21,310.00,465.00,2,17.40,1,Ankara_2,,,,,
07-322-4153,73-175-9496,2020-03-05,225.00,337.50,3,31.20,6,Corfu_4,,,,,
07-634-6294,58-341-8825,2020-04-22,310.00,465.00,2,89.84,3,Palermo_3,,,,,
07-808-6932,34-874-3361,2020-10-21,133.17,199.76,1,17.40,1,Kusadasi_3,,,,,
08-152-8962,75-652-8475,2021-01-12,93.13,139.70,2,35.44,5,Kusadasi_1,,,,,
08-270-7581,56-479-7571,2020-08-22,91.84,137.76,2,37.04,2,Corfu_2,,,,,
08-309-3649,90-874-3974,2021-02-26,210.00,315.00,3,11.23,4,Roma_6,,,,,
08-316-6754,21-667-2874,2019-08-25,69.38,104.07,2,51.05,1,Palermo_1,,,,,
08-483-5677,29-581-4956,2021-04-29,101.60,152.40,3,11.23,6,Corfu_5,,,,,
08-659-6030,68-700-9823,2020-08-16,125.00,187.50,2,53.53,2,Ankara_5,,,,,
08-660-0159,07-795-8092,2019-07-16,210.00,315.00,1,94.76,2,Palermo_4,,,,,
08-855-8354,30-273-7602,2020-09-29,98.00,147.00,1,10.00,3,Roma_4,,,,,
08-940-9111,95-643-4919,2022-09-22,320.00,480.00,3,54.08,6,Kusadasi_2,,,,,
09-019-6593,60-742-1416,2019-11-03,235.00,352.50,3,15.00,6,Kusadasi_2,,,,,
09-058-1844,15-509-1414,2022-09-21,124.62,186.93,3,23.00,2,Corfu_6,,,,,
09-185-3204,07-667-2054,2021-12-14,133.17,199.76,1,53.53,4,Kusadasi_4,,,,,
09-229-1754,81-464-9164,2022-01-26,210.00,315.00,3,73.09,3,Palermo_4,,,,,
09-440-5820,98-044-8929,2022-07-02,144.09,216.14,2,15.00,1,Roma_1,,,,,
09-481-5023,44-900-5794,2019-10-23,310.00,465.00,3,73.09,1,Corfu_2,,,,,
09-522-5385,83-660-8060,2019-10-17,225.00,337.50,3,53.53,4,Kusadasi_3,,,,,
09-896-5300,10-502-1445,2021-09-19,125.00,187.50,2,91.14,3,Corfu_3,,,,,
09-923-6077,56-311-7903,2021-08-26,133.17,199.76,3,35.44,6,Palermo_4,,,,,
10-030-5503,09-685-7250,2021-02-03,144.09,216.14,2,91.41,1,Athens_2,,,,,
10-052-8149,37-285-0504,2019-09-30,125.00,187.50,2,20.33,6,Athens_4,,,,,
10-120-0016,45-612-9855,2021-10-07,225.00,337.50,1,23.00,1,Corfu_6,,,,,
10-141-0121,20-910-8042,2022-01-06,101.60,152.40,3,51.05,5,Corfu_6,,,,,
10-150-2658,18-907-7870,2020-06-06,220.00,330.00,1,99.24,5,Palermo_6,,,,,
10-370-7784,01-169-3967,2019-12-09,320.00,480.00,2,31.20,2,Palermo_1,,,,,
10-390-3471,55-534-3489,2019-09-17,320.00,480.00,2,53.53,5,Corfu_4,,,,,
10-462-2908,98-667-2397,2022-06-29,125.00,187.50,2,53.53,3,Kusadasi_6,,,,,
10-621-7662,09-732-9826,2020-06-09,124.62,186.93,1,51.05,2,Roma_3,,,,,
10-638-5334,47-474-8927,2022-10-10,225.00,337.50,1,10.00,5,Ankara_1,,,,,
10-814-8054,61-104-0525,2020-01-14,144.09,216.14,2,37.04,3,Kusadasi_6,,,,,
11-146-3342,82-442-4503,2021-07-11,310.00,465.00,2,20.00,1,Ankara_4,,,,,
11-244-2193,71-643-1944,2020-04-02,44.57,66.86,3,91.41,2,Athens_3,,,,,
11-397-2150,99-109-2353,2020-07-15,310.00,465.00,3,35.44,2,Athens_6,,,,,
11-446-2659,83-395-8326,2022-09-02,133.17,199.76,3,68.89,1,Kusadasi_3,,,,,
11-463-8439,76-937-0622,2019-07-07,44.57,66.86,1,91.14,3,Corfu_3,,,,,
11-486-8739,41-226-8734,2022-07-03,220.00,330.00,1,91.41,1,Kusadasi_1,,,,,
11-645-0948,41-128-9654,2019-07-07,69.38,104.07,2,68.89,6,Athens_6,,,,,
11-648-9765,84-440-9751,2020-12-28,125.00,187.50,2,10.52,2,Corfu_5,,,,,
11-700-3520,39-327-8322,2022-04-17,52.08,78.12,2,47.84,4,Kusadasi_6,,,,,
11-741-2205,38-921-3385,2022-04-27,124.62,186.93,1,37.04,5,Palermo_6,,,,,
11-769-7584,50-079-2328,2021-12-25,144.09,216.14,3,35.44,6,Palermo_5,,,,,
11-776-8532,03-754-8064,2020-11-20,210.00,315.00,1,30.00,5,Ankara_4,,,,,
11-821-0545,01-608-1032,2020-11-08,125.00,187.50,2,15.00,5,Palermo_1,,,,,
11-835-2932,00-435-7006,2019-10-25,235.00,352.50,3,80.34,4,Athens_5,,,,,
11-858-8042,16-138-8056,2020-07-01,124.62,186.93,1,99.24,3,Kusadasi_4,,,,,
11-997-6382,48-853-9332,2022-09-05,101.60,152.40,3,53.53,5,Athens_2,,,,,
12-128-2576,17-656-8981,2021-10-03,133.17,199.76,3,94.76,5,Ankara_5,,,,,
12-306-6646,08-294-3158,2021-10-31,91.84,137.76,2,97.48,3,Palermo_4,,,,,
12-346-4013,16-233-7577,2022-08-24,190.00,285.00,2,47.84,4,Kusadasi_2,,,,,
12-371-9369,61-286-3086,2020-10-02,124.62,186.93,3,91.14,5,Roma_5,,,,,
12-605-1676,12-982-1679,2022-10-14,69.38,104.07,2,94.76,1,Kusadasi_4,,,,,
12-648-4718,57-611-6010,2020-11-01,91.84,137.76,2,10.52,2,Kusadasi_4,,,,,
12-718-1501,44-371-9315,2020-06-05,119.80,179.70,3,17.40,5,Corfu_1,,,,,
12-837-0577,72-701-8397,2021-12-29,310.00,465.00,2,73.09,3,Corfu_6,,,,,
13-018-1111,40-571-6226,2021-06-26,98.00,147.00,3,51.05,4,Kusadasi_1,,,,,
13-189-4080,75-673-9361,2020-02-27,75.00,112.50,2,51.05,4,Roma_6,,,,,
13-235-5773,46-708-9429,2022-04-12,98.00,147.00,1,9.71,5,Roma_2,,,,,
13-435-8115,87-320-3281,2021-01-04,168.27,252.41,2,91.41,3,Palermo_2,,,,,
13-469-9343,61-819-5221,2020-03-28,125.00,187.50,2,9.12,2,Corfu_3,,,,,
13-555-4988,37-705-9466,2021-01-28,144.09,216.14,2,20.33,5,Ankara_6,,,,,
13-673-8989,62-870-7138,2022-03-02,220.00,330.00,1,31.20,5,Athens_5,,,,,
13-698-5271,67-121-1555,2019-12-11,144.09,216.14,3,68.89,5,Athens_1,,,,,
13-912-7109,06-994-0572,2020-07-29,75.00,112.50,2,89.84,3,Palermo_5,,,,,
14-210-2413,08-581-0238,2021-06-06,101.60,152.40,3,30.00,3,Corfu_3,,,,,
14-224-3137,30-882-6768,2022-08-15,190.00,285.00,2,94.76,3,Palermo_2,,,,,
14-316-4950,28-255-9636,2022-04-23,119.80,179.70,1,31.20,1,Athens_2,,,,,
14-376-2485,33-532-7457,2021-06-13,93.13,139.70,3,91.14,2,Kusadasi_1,,,,,
14-606-3655,86-294-0566,2020-12-24,101.60,152.40,1,11.23,5,Palermo_6,,,,,
14-648-5507,36-331-2831,2019-07-17,168.27,252.41,2,67.77,4,Kusadasi_1,,,,,
15-090-5294,27-735-9532,2022-12-24,119.80,179.70,1,98.01,4,Palermo_2,,,,,
15-190-8465,24-648-1490,2022-03-04,91.84,137.76,2,9.71,4,Corfu_6,,,,,
15-192-4862,91-003-5808,2021-10-01,210.00,315.00,1,35.44,2,Roma_1,,,,,
15-197-3569,89-460-3944,2022-04-14,133.17,199.76,1,15.00,3,Corfu_2,,,,,
15-260-9895,62-555-9031,2020-07-20,91.84,137.76,3,73.09,5,Ankara_4,,,,,
15-272-2116,14-832-8262,2022-09-08,320.00,480.00,2,53.53,4,Palermo_6,,,,,
15-297-7741,92-486-6132,2021-08-23,190.00,285.00,2,35.44,2,Roma_2,,,,,
15-307-8168,09-488-5773,2020-10-25,119.80,179.70,1,35.44,3,Roma_4,,,,,
15-663-0481,21-282-1343,2020-03-05,98.00,147.00,1,80.34,1,Palermo_1,,,,,
15-667-9235,30-459-4522,2022-01-21,144.09,216.14,2,61.49,2,Palermo_4,,,,,
16-386-7757,33-882-5916,2021-07-29,225.00,337.50,3,99.24,3,Corfu_3,,,,,
16-609-1782,22-414-3931,2019-11-28,119.80,179.70,3,51.05,2,Kusadasi_4,,,,,
16-921-7992,33-940-3140,2022-02-21,52.08,78.12,3,9.71,5,Corfu_2,,,,,
16-946-9856,32-572-1979,2020-07-01,220.00,330.00,1,10.52,3,Palermo_2,,,,,
17-146-9681,03-575-7094,2022-12-02,168.27,252.41,3,73.09,4,Athens_5,,,,,
17-253-1197,50-685-3169,2021-10-06,144.09,216.14,2,10.52,2,Palermo_4,,,,,
17-264-8555,19-101-7328,2021-03-01,144.09,216.14,3,31.20,5,Corfu_6,,,,,
17-396-0834,99-534-0752,2020-03-09,190.00,285.00,2,91.41,3,Roma_3,,,,,
17-529-1692,41-401-4494,2022-06-09,225.00,337.50,1,89.84,5,Palermo_2,,,,,
17-586-7905,62-845-0351,2021-07-03,91.84,137.76,2,98.01,4,Corfu_1,,,,,
17-708-5350,98-778-3557,2021-11-08,44.57,66.86,3,67.77,1,Palermo_4,,,,,
17-851-5705,17-237-9919,2021-06-17,69.38,104.07,2,47.84,4,Corfu_2,,,,,
18-136-6969,09-799-7986,2020-09-05,124.62,186.93,3,20.00,1,Athens_3,,,,,
18-237-6374,82-126-8371,2020-05-03,69.38,104.07,2,67.77,1,Kusadasi_5,,,,,
18-252-1922,67-683-3934,2020-11-12,119.80,179.70,1,10.52,5,Athens_3,,,,,
18-359-3465,15-212-8866,2019-08-04,101.60,152.40,1,10.00,1,Kusadasi_5,,,,,
18-752-8277,39-552-7180,2020-10-06,93.13,139.70,2,24.00,4,Corfu_1,,,,,
18-944-2420,57-497-0939,2022-02-14,320.00,480.00,2,17.40,2,Corfu_4,,,,,
19-156-3010,88-753-2311,2019-10-01,44.57,66.86,3,51.05,5,Ankara_5,,,,,
19-189-3064,99-435-3448,2021-12-20,44.57,66.86,3,23.00,2,Roma_5,,,,,
19-281-5590,07-805-8279,2020-07-04,210.00,315.00,3,67.77,1,Athens_5,,,,,
19-329-8137,59-386-1239,2021-03-25,144.09,216.14,2,53.53,2,Kusadasi_5,,,,,
19-522-8580,48-588-2099,2022-06-05,220.00,330.00,1,37.04,5,Kusadasi_1,,,,,
19-530-8425,96-672-3509,2021-10-30,144.09,216.14,2,20.33,3,Kusadasi_2,,,,,
19-560-5489,99-288-3999,2022-01-26,52.08,78.12,2,11.23,1,Roma_4,,,,,
19-768-2646,41-082-7417,2021-05-21,119.80,179.70,3,10.00,3,Athens_1,,,,,
19-798-0585,34-747-6973,2021-09-18,225.00,337.50,3,24.00,4,Palermo_5,,,,,
19-953-6477,99-033-8011,2019-08-03,220.00,330.00,1,47.84,4,Roma_3,,,,,
20-140-3398,72-650-0634,2020-10-16,93.13,139.70,2,20.33,1,Kusadasi_4,,,,,
20-205-9814,78-492-1244,2021-11-23,93.13,139.70,2,15.00,3,Athens_5,,,,,
20-343-7160,65-760-7724,2020-08-12,52.08,78.12,2,15.00,2,Palermo_1,,,,,
20-698-8725,89-302-9477,2021-01-12,119.80,179.70,1,94.76,1,Athens_2,,,,,
21-039-2999,82-288-9392,2022-02-14,101.60,152.40,3,9.71,1,Athens_2,,,,,
21-104-5976,27-928-3810,2022-01-08,133.17,199.76,3,91.41,4,Corfu_4,,,,,
21-106-4079,45-685-2873,2021-11-02,75.00,112.50,2,20.33,1,Ankara_6,,,,,
21-164-7722,80-680-2541,2020-07-02,144.09,216.14,2,98.01,5,Kusadasi_4,,,,,
21-385-2808,16-815-6643,2022-01-06,320.00,480.00,2,9.71,1,Athens_2,,,,,
21-627-1027,55-441-4945,2019-12-30,320.00,480.00,2,91.41,6,Kusadasi_6,,,,,
21-743-3530,98-463-7157,2019-12-23,101.60,152.40,3,15.00,6,Roma_2,,,,,
21-844-2539,42-165-1972,2020-06-15,125.00,187.50,2,99.24,4,Corfu_3,,,,,
22-001-6016,41-356-7756,2019-08-27,168.27,252.41,3,24.00,5,Palermo_4,,,,,
22-130-4513,74-130-0054,2021-07-31,44.57,66.86,3,89.84,6,Kusadasi_5,,,,,
22-401-7510,95-153-0059,2022-09-18,235.00,352.50,3,94.76,1,Ankara_6,,,,,
22-437-6211,85-902-1541,2020-09-11,310.00,465.00,2,80.34,4,Athens_6,,,,,
22-501-9215,55-267-3235,2020-06-28,168.27,252.41,3,80.34,3,Ankara_4,,,,,
22-561-9916,75-903-8085,2020-09-23,93.13,139.70,2,11.23,4,Kusadasi_3,,,,,
22-572-6325,20-317-3721,2022-03-26,44.57,66.86,1,9.71,3,Corfu_4,,,,,
22-697-0930,44-527-5077,2022-02-21,75.00,112.50,3,97.48,2,Kusadasi_2,,,,,
22-867-9098,49-464-9139,2021-09-17,235.00,352.50,3,68.89,2,Athens_1,,,,,
22-872-7952,57-734-9941,2020-08-27,225.00,337.50,1,68.89,4,Athens_2,,,,,
22-904-5860,96-606-2380,2020-02-26,125.00,187.50,3,30.00,5,Ankara_1,,,,,
22-906-5872,71-801-5063,2022-04-19,101.60,152.40,3,67.77,1,Kusadasi_4,,,,,
23-082-1065,63-919-4250,2022-01-20,210.00,315.00,3,47.84,6,Palermo_1,,,,,
23-153-9991,44-311-9619,2020-12-19,98.00,147.00,3,23.00,6,Ankara_6,,,,,
23-364-4571,14-693-9001,2019-11-11,144.09,216.14,2,9.12,3,Kusadasi_3,,,,,
23-382-0687,39-791-8742,2021-08-04,91.84,137.76,2,53.53,2,Kusadasi_1,,,,,
23-427-8106,48-999-9247,2020-10-21,220.00,330.00,3,17.40,1,Corfu_5,,,,,
23-582-1221,04-699-2162,2019-07-20,168.27,252.41,3,54.08,4,Corfu_3,,,,,
23-636-0824,48-766-8760,2021-05-16,220.00,330.00,1,94.76,5,Kusadasi_1,,,,,
23-760-0421,04-049-1006,2019-08-05,310.00,465.00,2,17.40,4,Ankara_3,,,,,
23-824-2201,62-551-8160,2020-01-14,124.62,186.93,3,47.84,3,Ankara_2,,,,,
23-898-9055,70-288-8972,2022-10-31,75.00,112.50,3,67.77,3,Roma_5,,,,,
24-041-3369,48-621-4122,2021-02-03,101.60,152.40,1,9.71,4,Ankara_6,,,,,
24-102-1793,70-815-9836,2021-04-12,91.84,137.76,2,91.41,6,Kusadasi_5,,,,,
24-139-0192,06-870-3808,2020-06-13,190.00,285.00,3,10.52,2,Ankara_6,,,,,
24-314-4867,38-865-5715,2021-11-16,225.00,337.50,3,68.89,3,Kusadasi_2,,,,,
24-332-5305,59-084-7992,2021-08-03,75.00,112.50,2,23.00,6,Corfu_3,,,,,
24-339-0545,58-027-4960,2022-09-12,44.57,66.86,3,94.76,5,Palermo_1,,,,,
24-351-9777,49-436-2903,2022-09-09,52.08,78.12,2,9.12,1,Kusadasi_2,,,,,
24-502-2774,65-949-4674,2021-04-30,101.60,152.40,3,98.01,2,Corfu_6,,,,,
24-678-5042,10-483-3261,2020-07-19,83.99,125.99,3,80.34,4,Palermo_4,,,,,
24-690-6396,24-388-6822,2022-03-29,44.57,66.86,1,98.01,5,Palermo_1,,,,,
24-714-2660,24-545-1124,2019-09-13,210.00,315.00,1,61.49,4,Athens_1,,,,,
24-934-3291,44-464-5517,2021-01-14,220.00,330.00,3,31.20,2,Kusadasi_2,,,,,
24-998-9967,88-786-4775,2021-12-30,75.00,112.50,2,24.00,5,Roma_2,,,,,
25-093-8535,68-082-3942,2022-04-02,83.99,125.99,3,89.84,3,Corfu_1,,,,,
25-177-6985,68-194-7215,2019-08-10,210.00,315.00,3,94.76,5,Roma_3,,,,,
25-252-0068,20-850-2376,2022-01-05,190.00,285.00,2,9.12,1,Athens_3,,,,,
25-339-5566,32-426-3513,2020-09-10,75.00,112.50,3,53.53,2,Roma_5,,,,,
25-432-8239,61-676-0339,2021-02-21,310.00,465.00,2,10.52,5,Ankara_2,,,,,
25-433-9492,64-943-2705,2020-08-02,91.84,137.76,2,23.00,1,Kusadasi_1,,,,,
25-485-3794,93-083-1812,2021-05-07,225.00,337.50,1,20.33,5,Roma_3,,,,,
25-522-2006,58-749-9630,2021-02-02,190.00,285.00,2,53.53,2,Corfu_1,,,,,
25-621-0618,79-553-1254,2020-05-21,210.00,315.00,3,31.20,5,Athens_3,,,,,
25-771-0744,71-907-8875,2020-11-24,168.27,252.41,2,99.24,4,Athens_5,,,,,
25-850-5723,75-436-9725,2020-08-05,144.09,216.14,2,47.84,6,Ankara_4,,,,,
25-912-8989,65-570-0362,2022-07-09,52.08,78.12,3,91.41,3,Kusadasi_1,,,,,
26-231-8897,75-904-5534,2022-05-12,119.80,179.70,3,37.04,4,Athens_4,,,,,
26-281-8125,45-809-5759,2020-11-30,190.00,285.00,3,17.40,4,Corfu_1,,,,,
26-326-8254,48-306-2176,2020-01-13,93.13,139.70,2,35.44,6,Palermo_2,,,,,
26-437-6628,46-036-3035,2020-07-08,210.00,315.00,1,53.53,5,Palermo_2,,,,,
26-461-5577,41-836-7896,2021-07-06,75.00,112.50,3,68.89,2,Kusadasi_1,,,,,
26-802-1005,53-704-6388,2020-09-01,75.00,112.50,2,24.00,1,Corfu_6,,,,,
26-929-8429,57-713-4376,2019-08-08,83.99,125.99,1,23.00,6,Corfu_4,,,,,
26-973-3455,28-994-2175,2020-01-06,69.38,104.07,2,20.33,2,Corfu_4,,,,,
27-077-0389,91-616-5387,2021-02-03,168.27,252.41,2,35.44,1,Palermo_2,,,,,
27-252-7456,47-423-8685,2022-10-15,133.17,199.76,3,23.00,6,Athens_5,,,,,
27-295-8802,01-010-4453,2021-07-26,101.60,152.40,3,47.84,5,Kusadasi_3,,,,,
27-600-6800,64-729-1878,2022-07-23,225.00,337.50,3,97.48,1,Ankara_2,,,,,
27-774-9457,53-761-3433,2021-01-04,144.09,216.14,3,23.00,5,Kusadasi_5,,,,,
27-991-7078,43-930-4762,2020-06-25,44.57,66.86,1,23.00,6,Corfu_5,,,,,
28-019-1318,83-279-6709,2019-09-03,220.00,330.00,1,15.00,2,Palermo_5,,,,,
28-279-3419,15-541-9267,2021-09-04,93.13,139.70,2,10.52,6,Palermo_5,,,,,
28-341-5469,06-346-0589,2021-07-25,210.00,315.00,3,91.14,1,Kusadasi_5,,,,,
28-376-6551,91-908-8699,2021-11-28,101.60,152.40,3,80.34,6,Kusadasi_6,,,,,
28-387-3547,18-296-6063,2019-08-14,125.00,187.50,2,80.34,6,Palermo_4,,,,,
28-608-5137,91-467-3717,2020-03-10,210.00,315.00,3,23.00,1,Ankara_6,,,,,
28-703-1952,31-307-2307,2021-03-14,83.99,125.99,1,37.04,2,Ankara_6,,,,,
28-882-5933,56-326-1556,2019-12-22,93.13,139.70,2,80.34,2,Corfu_4,,,,,
28-960-2783,55-844-1489,2022-10-24,320.00,480.00,2,10.52,2,Corfu_6,,,,,
29-260-4008,66-514-5198,2021-04-01,124.62,186.93,1,20.33,2,Roma_4,,,,,
29-353-4988,80-202-1241,2022-11-03,93.13,139.70,2,53.53,2,Corfu_5,,,,,
29-463-3688,21-644-8108,2019-12-05,44.57,66.86,1,10.00,2,Corfu_2,,,,,
29-546-8618,87-579-7924,2020-05-18,124.62,186.93,3,89.84,6,Kusadasi_2,,,,,
29-577-3059,58-897-9539,2022-05-18,98.00,147.00,3,91.14,4,Palermo_5,,,,,
29-587-2527,51-918-5148,2020-10-12,119.80,179.70,3,73.09,4,Ankara_1,,,,,
29-595-2468,85-126-7032,2021-12-18,220.00,330.00,1,67.77,2,Athens_4,,,,,
29-600-4791,88-988-5357,2020-08-31,235.00,352.50,3,54.08,1,Athens_5,,,,,
29-600-8355,02-063-5381,2019-11-01,101.60,152.40,1,99.24,5,Ankara_3,,,,,
29-601-2712,07-925-9556,2021-01-27,119.80,179.70,3,9.71,5,Roma_1,,,,,
29-728-2837,99-380-1965,2019-07-31,124.62,186.93,1,67.77,1,Roma_6,,,,,
29-773-5797,73-427-9774,2021-09-15,69.38,104.07,3,24.00,2,Kusadasi_2,,,,,
29-930-1681,16-112-3047,2019-08-17,310.00,465.00,2,91.41,4,Kusadasi_5,,,,,
29-947-3866,46-151-7455,2021-09-05,125.00,187.50,2,91.14,6,Roma_6,,,,,
29-952-5748,59-273-7178,2019-06-27,190.00,285.00,2,11.23,2,Athens_2,,,,,
30-032-8406,21-910-6325,2020-07-23,98.00,147.00,3,20.00,4,Athens_5,,,,,
30-082-2867,91-807-1653,2021-01-13,190.00,285.00,2,20.33,2,Kusadasi_1,,,,,
30-087-5181,57-785-3314,2020-03-22,133.17,199.76,1,61.49,2,Corfu_4,,,,,
30-117-6174,60-917-4254,2022-09-15,44.57,66.86,3,54.08,2,Palermo_6,,,,,
30-124-4774,84-872-5897,2020-02-05,125.00,187.50,3,73.09,3,Athens_1,,,,,
30-148-2955,80-373-3482,2019-11-02,98.00,147.00,1,20.00,3,Palermo_4,,,,,
30-205-9759,19-601-3865,2020-06-19,93.13,139.70,3,97.48,6,Corfu_3,,,,,
30-418-5129,86-857-1829,2021-01-07,210.00,315.00,1,61.49,6,Corfu_1,,,,,
30-601-0133,25-816-5806,2022-02-05,133.17,199.76,3,89.84,4,Kusadasi_6,,,,,
30-715-2573,77-952-2629,2020-10-06,220.00,330.00,3,47.84,6,Ankara_1,,,,,
30-724-0380,31-856-0244,2021-02-23,52.08,78.12,2,94.76,4,Palermo_6,,,,,
30-790-3083,77-281-8756,2020-09-11,210.00,315.00,3,80.34,6,Ankara_2,,,,,
30-791-3047,76-877-1926,2022-03-14,75.00,112.50,2,35.44,2,Kusadasi_1,,,,,
30-867-3284,26-631-4044,2020-10-05,69.38,104.07,2,91.41,2,Ankara_4,,,,,
30-969-9125,79-752-9044,2020-05-28,168.27,252.41,2,54.08,6,Kusadasi_6,,,,,
31-014-4239,87-182-2023,2019-11-07,52.08,78.12,2,51.05,3,Roma_2,,,,,
31-073-7194,59-029-6148,2019-08-18,52.08,78.12,2,9.71,6,Athens_3,,,,,
31-087-9491,32-475-1071,2022-10-26,133.17,199.76,1,10.00,2,Roma_2,,,,,
31-106-2180,74-776-1637,2021-01-05,210.00,315.00,1,9.71,4,Corfu_6,,,,,
31-121-8822,94-865-3366,2021-02-24,220.00,330.00,3,20.33,3,Ankara_1,,,,,
31-221-4991,45-770-5550,2020-11-28,310.00,465.00,2,97.48,6,Corfu_2,,,,,
31-255-9487,42-410-0705,2022-12-06,119.80,179.70,1,11.23,4,Corfu_1,,,,,
31-302-3952,06-093-4453,2020-11-24,124.62,186.93,3,17.40,6,Palermo_4,,,,,
31-340-1373,07-457-0443,2021-09-26,220.00,330.00,3,91.41,3,Roma_4,,,,,
31-404-5047,02-565-4368,2021-09-29,225.00,337.50,1,35.44,3,Corfu_1,,,,,
31-405-1090,80-827-8013,2021-12-27,190.00,285.00,3,97.48,1,Palermo_6,,,,,
31-576-8678,13-132-4970,2022-06-05,91.84,137.76,2,91.41,3,Kusadasi_5,,,,,
31-593-0632,90-627-6303,2022-07-07,44.57,66.86,3,37.04,6,Palermo_4,,,,,
31-607-0351,62-404-0979,2021-12-13,124.62,186.93,1,31.20,1,Athens_5,,,,,
31-669-5161,42-611-3228,2021-05-02,52.08,78.12,2,80.34,1,Athens_4,,,,,
31-762-1168,84-581-2271,2020-09-04,44.57,66.86,1,9.12,1,Kusadasi_3,,,,,
31-807-7846,78-925-5718,2022-11-24,101.60,152.40,1,61.49,3,Ankara_1,,,,,
31-955-7364,74-924-9475,2020-07-05,225.00,337.50,3,94.76,1,Athens_5,,,,,
32-023-4917,75-669-7534,2021-09-26,119.80,179.70,1,91.14,1,Corfu_3,,,,,
32-049-4417,98-252-9656,2021-03-30,125.00,187.50,2,17.40,4,Palermo_2,,,,,
32-208-6721,14-623-7622,2020-08-21,93.13,139.70,2,99.24,3,Athens_5,,,,,
32-317-3692,57-249-9311,2022-09-14,235.00,352.50,1,97.48,6,Palermo_3,,,,,
32-377-0706,98-591-9409,2020-05-29,210.00,315.00,3,53.53,2,Ankara_2,,,,,
32-483-3668,61-684-7316,2020-04-06,98.00,147.00,1,99.24,2,Athens_4,,,,,
32-596-3017,46-633-0361,2021-12-06,44.57,66.86,3,61.49,2,Athens_5,,,,,
32-698-1958,79-834-1150,2021-11-02,98.00,147.00,3,11.23,6,Corfu_2,,,,,
32-732-9550,96-936-2893,2022-02-21,75.00,112.50,2,54.08,3,Kusadasi_2,,,,,
32-783-7159,80-343-1997,2020-12-12,101.60,152.40,1,20.33,2,Corfu_6,,,,,
32-792-5231,23-205-4715,2021-08-21,75.00,112.50,2,31.20,3,Kusadasi_3,,,,,
32-923-9697,26-229-0678,2019-09-26,220.00,330.00,1,73.09,1,Ankara_2,,,,,
33-044-7954,07-575-4456,2021-11-16,93.13,139.70,3,53.53,2,Corfu_1,,,,,
33-177-2796,82-014-8133,2019-08-11,98.00,147.00,1,17.40,6,Palermo_6,,,,,
33-207-9048,01-882-3064,2020-07-04,124.62,186.93,1,15.00,4,Athens_4,,,,,
33-294-7116,22-719-1060,2020-11-09,101.60,152.40,3,91.41,4,Palermo_3,,,,,
33-390-5032,29-914-6794,2022-03-01,133.17,199.76,3,47.84,4,Roma_1,,,,,
33-395-8454,86-404-0358,2020-05-21,75.00,112.50,2,47.84,4,Corfu_4,,,,,
33-541-8718,38-821-9223,2021-09-11,210.00,315.00,3,9.71,1,Roma_2,,,,,
33-583-4747,68-632-2108,2021-05-30,225.00,337.50,1,54.08,2,Ankara_2,,,,,
33-596-6321,26-237-6257,2021-11-25,235.00,352.50,1,54.08,2,Kusadasi_1,,,,,
33-667-2660,19-662-9886,2021-02-16,69.38,104.07,2,97.48,5,Corfu_2,,,,,
33-671-4773,95-631-7257,2019-07-08,168.27,252.41,3,54.08,1,Kusadasi_1,,,,,
33-755-4654,33-715-4955,2022-07-23,69.38,104.07,2,73.09,4,Palermo_3,,,,,
33-894-6676,94-324-2649,2020-11-25,83.99,125.99,3,91.14,4,Palermo_2,,,,,
33-930-0109,13-473-0498,2020-03-18,101.60,152.40,1,10.52,2,Kusadasi_3,,,,,
34-061-0340,82-932-8304,2019-09-11,210.00,315.00,3,17.40,4,Corfu_5,,,,,
34-230-0439,21-823-5019,2021-09-12,44.57,66.86,1,17.40,4,Ankara_4,,,,,
34-257-0115,29-836-4385,2020-03-21,75.00,112.50,2,17.40,1,Palermo_3,,,,,
34-331-6365,35-306-1244,2020-12-13,144.09,216.14,2,10.00,1,Kusadasi_6,,,,,
34-415-8074,76-056-5131,2020-08-09,69.38,104.07,2,15.00,1,Corfu_3,,,,,
34-426-9335,91-276-1722,2022-08-05,75.00,112.50,2,11.23,5,Palermo_2,,,,,
34-629-9123,53-839-6279,2021-08-07,125.00,187.50,2,51.05,5,Roma_5,,,,,
34-631-7695,71-993-6020,2020-01-04,168.27,252.41,2,10.00,3,Roma_2,,,,,
34-970-4387,91-253-6389,2020-08-11,168.27,252.41,2,67.77,3,Ankara_3,,,,,
35-067-3364,57-653-7765,2022-07-06,69.38,104.07,2,9.71,2,Kusadasi_5,,,,,
35-174-3155,04-729-3719,2020-03-05,320.00,480.00,2,35.44,6,Roma_4,,,,,
35-326-1148,63-009-8189,2022-08-29,93.13,139.70,3,17.40,5,Kusadasi_2,,,,,
35-371-2486,79-082-9805,2020-02-02,320.00,480.00,2,31.20,5,Ankara_1,,,,,
35-427-7418,38-352-8049,2020-04-26,44.57,66.86,3,15.00,6,Roma_1,,,,,
35-460-4013,60-341-1613,2020-02-27,44.57,66.86,1,11.23,6,Palermo_3,,,,,
35-587-5940,67-522-8690,2019-08-27,220.00,330.00,3,23.00,6,Corfu_5,,,,,
35-759-1971,53-853-8502,2022-10-25,235.00,352.50,1,73.09,3,Athens_3,,,,,
35-795-9456,53-638-1872,2022-02-07,125.00,187.50,2,99.24,6,Roma_4,,,,,
35-884-9148,27-342-8219,2020-04-18,83.99,125.99,3,47.84,6,Ankara_6,,,,,
35-907-6473,09-463-4222,2021-11-02,75.00,112.50,2,37.04,4,Palermo_2,,,,,
35-988-0040,55-516-2272,2019-08-10,91.84,137.76,3,11.23,3,Corfu_3,,,,,
36-019-1520,91-839-0337,2020-08-12,93.13,139.70,2,37.04,5,Kusadasi_6,,,,,
36-290-7816,04-242-3472,2019-10-26,320.00,480.00,2,94.76,5,Kusadasi_4,,,,,
36-383-1600,87-811-2475,2019-08-08,52.08,78.12,2,89.84,2,Athens_5,,,,,
36-478-2126,07-158-6611,2019-11-18,91.84,137.76,2,73.09,3,Ankara_5,,,,,
36-480-1277,16-968-9858,2019-11-24,310.00,465.00,2,15.00,3,Corfu_5,,,,,
36-505-9404,13-549-8164,2020-11-02,320.00,480.00,2,61.49,5,Corfu_1,,,,,
36-779-8330,45-670-3073,2019-11-01,310.00,465.00,3,68.89,2,Athens_5,,,,,
36-816-5383,98-956-4430,2022-09-27,235.00,352.50,3,97.48,5,Ankara_4,,,,,
36-898-0004,80-692-1577,2020-02-11,101.60,152.40,3,99.24,4,Athens_2,,,,,
36-917-2834,73-873-4827,2021-08-14,220.00,330.00,3,11.23,4,Kusadasi_3,,,,,
36-928-2921,66-300-2343,2022-01-28,69.38,104.07,2,54.08,3,Ankara_5,,,,,
37-082-5374,35-231-9391,2022-06-22,320.00,480.00,2,91.41,6,Athens_2,,,,,
37-103-3005,07-589-4558,2019-08-06,125.00,187.50,3,31.20,1,Palermo_2,,,,,
37-255-6435,77-348-8809,2020-11-30,101.60,152.40,3,31.20,3,Corfu_2,,,,,
37-273-5241,19-848-0069,2021-05-25,320.00,480.00,3,10.00,6,Ankara_4,,,,,
37-398-9630,36-740-6346,2022-01-31,320.00,480.00,2,67.77,5,Kusadasi_1,,,,,
37-474-6061,24-176-7246,2022-09-27,144.09,216.14,2,80.34,5,Corfu_1,,,,,
37-563-3518,87-172-1004,2022-04-05,44.57,66.86,1,10.52,3,Athens_3,,,,,
37-656-4777,85-451-7757,2021-09-12,52.08,78.12,3,23.00,6,Kusadasi_6,,,,,
37-675-7898,34-942-9341,2021-04-12,119.80,179.70,3,20.33,3,Athens_2,,,,,
37-691-9097,62-189-0455,2020-11-29,83.99,125.99,1,54.08,4,Corfu_1,,,,,
37-765-3279,73-948-0480,2022-06-03,133.17,199.76,1,11.23,2,Roma_2,,,,,
38-068-6643,81-094-4880,2022-10-25,119.80,179.70,1,47.84,6,Athens_3,,,,,
38-295-3172,72-152-2430,2020-12-24,75.00,112.50,3,10.52,2,Athens_6,,,,,
38-478-1265,80-658-1730,2021-06-04,75.00,112.50,3,15.00,6,Athens_3,,,,,
38-624-7763,24-717-8311,2022-07-05,69.38,104.07,2,80.34,2,Kusadasi_6,,,,,
38-694-5330,17-578-7660,2022-10-29,124.62,186.93,3,98.01,5,Palermo_1,,,,,
38-750-7959,16-392-8441,2020-02-29,119.80,179.70,1,20.00,5,Roma_5,,,,,
38-969-7419,95-862-4662,2019-09-12,235.00,352.50,1,51.05,4,Athens_2,,,,,
38-994-1709,71-703-5222,2020-07-28,98.00,147.00,1,47.84,4,Athens_1,,,,,
39-040-2440,75-071-4546,2020-10-06,190.00,285.00,2,30.00,2,Palermo_2,,,,,
39-130-1094,40-236-9118,2021-02-07,168.27,252.41,2,73.09,5,Corfu_4,,,,,
39-201-1204,79-307-3578,2019-09-29,168.27,252.41,3,51.05,5,Ankara_6,,,,,
39-547-3173,63-906-6480,2020-12-15,220.00,330.00,1,98.01,5,Athens_6,,,,,
39-607-8115,58-196-6560,2022-12-10,83.99,125.99,1,10.52,5,Athens_4,,,,,
39-613-0627,18-238-2784,2022-03-27,91.84,137.76,2,61.49,6,Palermo_3,,,,,
39-647-4894,97-122-0077,2022-05-27,144.09,216.14,2,9.12,3,Palermo_4,,,,,
39-843-1059,71-234-5179,2020-06-03,69.38,104.07,2,10.52,5,Palermo_1,,,,,
40-081-7496,50-466-7631,2020-12-03,69.38,104.07,3,17.40,2,Palermo_5,,,,,
40-107-4974,72-486-1808,2022-07-06,69.38,104.07,3,20.33,3,Kusadasi_1,,,,,
40-168-4233,84-403-5215,2020-09-22,124.62,186.93,3,68.89,2,Roma_6,,,,,
40-192-8164,73-965-2661,2021-08-11,168.27,252.41,3,37.04,3,Corfu_4,,,,,
40-278-4324,53-208-7209,2022-06-15,310.00,465.00,2,97.48,6,Palermo_4,,,,,
40-429-8594,18-790-4326,2019-08-15,83.99,125.99,3,9.12,1,Athens_5,,,,,
40-476-8892,57-157-8353,2021-01-22,91.84,137.76,3,61.49,6,Ankara_6,,,,,
40-486-8511,79-477-1193,2021-10-10,98.00,147.00,3,20.33,2,Corfu_2,,,,,
40-599-5065,30-825-3298,2022-05-27,310.00,465.00,2,54.08,6,Athens_3,,,,,
40-690-8134,17-425-9366,2021-02-08,225.00,337.50,1,47.84,2,Corfu_2,,,,,
40-708-8263,80-279-3555,2021-05-27,310.00,465.00,3,37.04,3,Ankara_5,,,,,
40-864-0766,34-231-0656,2021-04-15,320.00,480.00,2,47.84,2,Roma_1,,,,,
41-177-5682,91-488-9581,2022-12-14,133.17,199.76,1,80.34,2,Athens_2,,,,,
41-179-7445,18-878-4452,2020-10-24,83.99,125.99,1,51.05,6,Corfu_6,,,,,
41-201-7265,45-044-4374,2020-12-23,125.00,187.50,2,20.00,4,Kusadasi_2,,,,,
41-269-9772,56-511-3188,2021-06-09,91.84,137.76,2,47.84,5,Kusadasi_3,,,,,
41-328-2835,23-834-9533,2022-09-09,235.00,352.50,3,30.00,2,Palermo_2,,,,,
41-441-3097,81-334-5691,2021-01-17,75.00,112.50,2,37.04,1,Palermo_5,,,,,
41-597-5931,22-174-9688,2022-05-29,210.00,315.00,3,98.01,5,Kusadasi_6,,,,,
41-622-4465,18-208-4971,2020-07-18,69.38,104.07,2,37.04,1,Palermo_3,,,,,
41-640-4815,90-268-2856,2021-10-02,44.57,66.86,1,15.00,5,Ankara_4,,,,,
42-108-2633,07-597-7903,2021-08-15,168.27,252.41,2,68.89,1,Corfu_3,,,,,
42-108-7287,33-208-6770,2020-06-22,69.38,104.07,3,9.12,6,Ankara_5,,,,,
42-250-4316,42-897-6329,2022-09-22,225.00,337.50,1,73.09,1,Kusadasi_1,,,,,
42-303-1476,30-902-5761,2021-12-30,133.17,199.76,1,91.41,1,Kusadasi_5,,,,,
42-438-0394,96-799-4054,2022-02-01,225.00,337.50,1,98.01,2,Kusadasi_1,,,,,
42-829-4772,35-344-7124,2022-12-04,220.00,330.00,3,10.52,6,Corfu_3,,,,,
42-906-2475,96-883-5571,2021-10-11,52.08,78.12,3,97.48,5,Roma_4,,,,,
43-009-8040,50-716-5754,2020-01-11,320.00,480.00,2,9.71,4,Ankara_1,,,,,
43-052-9931,89-896-4591,2021-12-27,190.00,285.00,2,9.71,1,Ankara_4,,,,,
43-109-7017,51-811-2023,2020-07-22,144.09,216.14,2,20.00,3,Ankara_1,,,,,
43-134-2893,79-230-2093,2022-11-16,119.80,179.70,1,68.89,5,Corfu_4,,,,,
43-238-0006,37-372-9415,2020-11-26,124.62,186.93,1,17.40,6,Kusadasi_5,,,,,
43-461-0935,30-022-9413,2022-06-06,220.00,330.00,1,24.00,4,Kusadasi_3,,,,,
43-566-9850,39-359-4391,2019-10-01,98.00,147.00,3,10.52,1,Ankara_6,,,,,
43-634-6121,11-586-9495,2022-09-22,83.99,125.99,3,17.40,2,Athens_5,,,,,
43-663-3135,45-104-2327,2020-06-23,168.27,252.41,2,97.48,6,Palermo_3,,,,,
43-718-3224,58-762-4502,2019-07-29,235.00,352.50,1,47.84,1,Corfu_6,,,,,
43-720-3267,37-076-7913,2020-07-17,320.00,480.00,3,91.14,5,Palermo_3,,,,,
43-799-4873,22-501-0325,2022-11-24,69.38,104.07,2,11.23,4,Athens_1,,,,,
43-850-7830,14-188-9770,2022-03-14,44.57,66.86,3,10.52,2,Roma_3,,,,,
43-918-0203,48-898-3804,2022-07-07,101.60,152.40,3,37.04,6,Roma_5,,,,,
44-087-0146,57-651-6974,2021-10-12,52.08,78.12,2,20.33,1,Athens_5,,,,,
44-357-1100,73-849-7161,2020-02-18,119.80,179.70,1,99.24,2,Corfu_2,,,,,
44-379-6825,03-512-0082,2021-11-22,125.00,187.50,3,37.04,5,Ankara_1,,,,,
44-439-4440,02-681-4911,2022-08-04,69.38,104.07,2,61.49,2,Athens_4,,,,,
44-701-3012,63-367-4362,2020-06-24,75.00,112.50,2,9.71,4,Roma_1,,,,,
44-877-6595,95-556-4695,2022-08-27,93.13,139.70,2,31.20,5,Kusadasi_1,,,,,
44-969-2805,76-335-3399,2019-09-02,119.80,179.70,3,94.76,4,Roma_4,,,,,
45-033-9684,22-453-6603,2021-04-29,133.17,199.76,3,99.24,3,Athens_4,,,,,
45-043-4851,60-346-2768,2022-01-14,144.09,216.14,2,61.49,3,Roma_6,,,,,
45-153-3592,54-078-7771,2020-03-03,91.84,137.76,2,10.52,1,Palermo_1,,,,,
45-381-3607,26-472-0085,2021-06-03,124.62,186.93,1,68.89,2,Corfu_1,,,,,
45-436-6764,79-104-5654,2020-07-31,75.00,112.50,3,99.24,1,Athens_6,,,,,
45-486-4534,49-905-8008,2021-05-15,93.13,139.70,2,89.84,1,Ankara_5,,,,,
45-519-3808,97-034-6516,2022-08-19,320.00,480.00,2,47.84,4,Corfu_1,,,,,
45-594-5624,24-909-6177,2022-07-24,133.17,199.76,1,9.12,5,Palermo_3,,,,,
45-742-2253,90-275-2874,2022-10-13,124.62,186.93,1,73.09,4,Ankara_1,,,,,
45-780-6744,94-518-3950,2022-03-05,310.00,465.00,3,30.00,2,Kusadasi_6,,,,,
45-989-0711,66-386-4902,2020-04-24,119.80,179.70,3,73.09,2,Athens_4,,,,,
46-031-2472,23-068-9989,2020-10-22,320.00,480.00,2,98.01,3,Kusadasi_6,,,,,
46-072-3557,03-547-5984,2021-05-22,225.00,337.50,3,91.41,6,Roma_3,,,,,
46-138-6582,86-592-7704,2019-08-24,125.00,187.50,2,35.44,5,Athens_6,,,,,
46-301-6761,40-931-4451,2020-07-01,119.80,179.70,3,9.12,4,Roma_3,,,,,
46-576-0301,18-648-5116,2021-09-21,91.84,137.76,2,99.24,5,Athens_2,,,,,
46-627-8981,63-400-1629,2020-08-22,98.00,147.00,3,89.84,2,Roma_3,,,,,
46-671-2432,29-631-4932,2022-04-13,220.00,330.00,3,99.24,2,Roma_2,,,,,
46-686-0158,97-474-3634,2022-07-22,133.17,199.76,1,98.01,5,Kusadasi_4,,,,,
46-715-1183,41-635-6237,2021-01-22,101.60,152.40,1,51.05,1,Palermo_2,,,,,
46-773-9492,84-559-2630,2022-11-15,168.27,252.41,3,20.33,3,Kusadasi_4,,,,,
46-796-5628,29-590-2171,2020-10-28,119.80,179.70,3,97.48,1,Athens_6,,,,,
46-892-9399,58-570-3984,2021-10-14,52.08,78.12,3,67.77,4,Palermo_2,,,,,
46-969-1933,31-441-5077,2021-08-27,310.00,465.00,2,54.08,2,Athens_2,,,,,
47-068-1396,23-233-9582,2022-09-30,144.09,216.14,2,24.00,3,Athens_6,,,,,
47-084-5361,94-189-0780,2021-10-09,91.84,137.76,3,51.05,4,Athens_5,,,,,
47-102-5062,20-741-4330,2019-09-14,98.00,147.00,3,68.89,3,Kusadasi_6,,,,,
47-198-9429,21-735-6636,2022-06-12,133.17,199.76,1,31.20,3,Roma_2,,,,,
47-441-1628,46-863-0685,2022-11-07,220.00,330.00,3,24.00,4,Athens_1,,,,,
47-612-6340,81-488-4385,2020-03-27,133.17,199.76,3,10.00,4,Palermo_6,,,,,
47-760-3761,83-415-1839,2020-05-04,133.17,199.76,1,99.24,5,Ankara_1,,,,,
47-940-7720,43-976-6171,2020-02-05,220.00,330.00,3,98.01,5,Athens_2,,,,,
48-335-5237,39-392-8970,2022-02-14,133.17,199.76,1,37.04,3,Palermo_6,,,,,
48-370-5933,35-042-6593,2022-01-28,168.27,252.41,2,94.76,6,Athens_2,,,,,
48-873-2607,77-064-4656,2019-09-29,75.00,112.50,3,98.01,4,Palermo_2,,,,,
49-275-9191,27-053-6056,2022-01-25,98.00,147.00,1,53.53,4,Ankara_4,,,,,
49-337-9727,85-983-2290,2022-10-23,190.00,285.00,2,10.52,4,Corfu_1,,,,,
49-366-5985,38-254-0934,2021-01-08,83.99,125.99,1,73.09,3,Palermo_5,,,,,
49-368-5121,06-566-4150,2021-10-18,69.38,104.07,3,89.84,2,Athens_6,,,,,
49-404-6008,95-505-4189,2019-10-17,98.00,147.00,1,97.48,2,Roma_1,,,,,
49-429-0115,91-321-8895,2019-11-23,44.57,66.86,1,35.44,3,Corfu_5,,,,,
49-795-0099,83-007-6408,2019-10-20,320.00,480.00,2,37.04,5,Kusadasi_6,,,,,
49-841-5624,52-259-8758,2021-08-15,91.84,137.76,2,10.00,4,Kusadasi_3,,,,,
49-934-7149,58-629-4175,2021-01-30,98.00,147.00,1,11.23,4,Kusadasi_6,,,,,
49-961-9885,98-336-1192,2022-05-13,44.57,66.86,3,24.00,1,Ankara_6,,,,,
50-030-7130,05-685-7660,2020-06-15,124.62,186.93,3,73.09,1,Corfu_1,,,,,
50-048-3933,74-526-8799,2020-10-31,310.00,465.00,2,53.53,5,Corfu_3,,,,,
50-185-4137,73-712-9768,2020-01-13,320.00,480.00,2,99.24,6,Athens_6,,,,,
50-370-8158,97-519-5326,2022-07-30,210.00,315.00,1,20.00,4,Palermo_3,,,,,
50-475-9958,85-315-2081,2019-08-20,101.60,152.40,3,94.76,1,Corfu_6,,,,,
50-617-3367,30-959-5571,2020-09-24,125.00,187.50,2,89.84,1,Athens_4,,,,,
50-696-6686,62-549-2752,2020-11-04,101.60,152.40,1,9.12,4,Palermo_1,,,,,
50-747-1156,39-702-3793,2021-03-16,125.00,187.50,3,80.34,6,Roma_2,,,,,
50-817-8023,77-591-2181,2020-07-14,210.00,315.00,1,67.77,1,Kusadasi_4,,,,,
50-818-0337,74-822-1028,2022-12-28,124.62,186.93,1,80.34,4,Kusadasi_2,,,,,
51-007-0849,19-745-7544,2019-09-22,93.13,139.70,2,23.00,2,Athens_5,,,,,
51-062-8739,52-341-6099,2022-06-03,144.09,216.14,2,89.84,3,Roma_1,,,,,
51-247-0503,29-317-1692,2022-05-03,91.84,137.76,2,89.84,6,Ankara_2,,,,,
51-287-9364,14-346-3203,2021-11-22,220.00,330.00,3,10.00,4,Ankara_5,,,,,
51-290-4538,86-277-5508,2022-05-19,44.57,66.86,1,31.20,1,Athens_1,,,,,
51-322-7429,51-824-3545,2021-04-28,93.13,139.70,2,37.04,1,Kusadasi_2,,,,,
51-349-8226,67-170-9130,2021-08-14,133.17,199.76,3,24.00,5,Corfu_2,,,,,
51-420-8292,32-736-6261,2021-01-24,98.00,147.00,3,30.00,1,Palermo_3,,,,,
51-470-5294,76-163-3165,2021-06-08,101.60,152.40,1,91.14,3,Kusadasi_6,,,,,
51-493-6866,45-272-9855,2022-01-24,69.38,104.07,3,10.00,1,Kusadasi_6,,,,,
51-955-2727,91-982-8246,2021-05-25,98.00,147.00,1,30.00,6,Athens_6,,,,,
51-959-4742,93-638-4651,2022-05-17,44.57,66.86,1,20.00,2,Corfu_5,,,,,
51-960-7680,89-961-8506,2022-06-04,235.00,352.50,1,98.01,5,Roma_1,,,,,
52-071-2704,80-644-1720,2022-08-11,83.99,125.99,3,54.08,3,Kusadasi_3,,,,,
52-104-3482,65-854-0852,2021-10-27,235.00,352.50,1,91.14,4,Ankara_3,,,,,
52-152-3371,83-012-9386,2021-08-14,320.00,480.00,3,24.00,5,Roma_1,,,,,
52-348-6923,78-456-9963,2021-12-02,125.00,187.50,2,10.00,2,Roma_4,,,,,
52-523-5327,28-108-0435,2022-12-07,91.84,137.76,2,31.20,4,Roma_3,,,,,
52-708-9153,91-757-8892,2023-01-06,210.00,315.00,1,24.00,4,Athens_4,,,,,
52-905-6091,88-616-2949,2021-07-30,52.08,78.12,2,10.00,6,Athens_3,,,,,
52-984-2592,49-536-9801,2020-08-15,235.00,352.50,1,89.84,3,Roma_6,,,,,
53-068-3680,89-492-9791,2020-11-08,235.00,352.50,3,99.24,3,Palermo_2,,,,,
53-131-0339,19-203-6248,2021-06-22,210.00,315.00,1,68.89,3,Ankara_6,,,,,
53-322-3671,13-040-2063,2021-01-13,93.13,139.70,2,73.09,5,Roma_5,,,,,
53-401-6179,30-073-5505,2021-01-07,124.62,186.93,3,54.08,3,Ankara_2,,,,,
53-412-8787,51-291-3742,2022-09-27,125.00,187.50,2,23.00,2,Athens_5,,,,,
53-430-9568,12-210-8916,2019-11-20,44.57,66.86,1,68.89,3,Corfu_4,,,,,
53-433-8071,16-649-4523,2021-02-15,320.00,480.00,2,73.09,5,Palermo_1,,,,,
53-494-9541,01-864-9695,2021-10-08,69.38,104.07,2,30.00,1,Roma_2,,,,,
53-504-3875,36-618-6589,2021-09-16,119.80,179.70,3,15.00,2,Palermo_5,,,,,
53-541-9522,89-981-5015,2022-07-14,168.27,252.41,2,47.84,6,Corfu_3,,,,,
53-563-4345,95-339-8822,2021-03-08,125.00,187.50,2,11.23,5,Roma_4,,,,,
53-585-4586,65-465-1137,2020-07-06,124.62,186.93,3,24.00,6,Kusadasi_5,,,,,
53-622-3155,44-431-8932,2021-05-03,119.80,179.70,3,99.24,6,Corfu_3,,,,,
53-661-8226,34-938-2645,2022-11-05,144.09,216.14,2,51.05,4,Roma_3,,,,,
53-763-8296,13-641-1831,2020-06-23,225.00,337.50,1,24.00,3,Corfu_2,,,,,
53-851-0542,43-225-1028,2021-04-07,98.00,147.00,1,73.09,5,Roma_3,,,,,
53-925-0103,00-352-9063,2021-10-21,235.00,352.50,3,24.00,6,Palermo_5,,,,,
53-974-4637,94-235-1902,2021-06-23,310.00,465.00,2,37.04,5,Athens_1,,,,,
54-080-0702,82-520-3770,2020-11-20,52.08,78.12,2,20.00,2,Palermo_3,,,,,
54-162-7684,18-892-9010,2021-12-22,119.80,179.70,3,10.52,3,Ankara_3,,,,,
54-322-1808,78-757-0953,2020-09-08,93.13,139.70,3,15.00,6,Athens_2,,,,,
54-366-6861,72-055-7985,2020-06-15,125.00,187.50,2,20.00,6,Roma_3,,,,,
54-413-3195,41-164-0757,2022-06-14,119.80,179.70,3,91.41,5,Palermo_1,,,,,
54-501-1389,35-922-4096,2020-03-27,83.99,125.99,3,37.04,1,Ankara_4,,,,,
54-555-7832,73-374-8667,2020-06-04,225.00,337.50,3,73.09,1,Kusadasi_2,,,,,
54-800-8042,92-702-5870,2020-05-05,75.00,112.50,2,98.01,6,Corfu_3,,,,,
54-815-3308,22-129-8597,2023-01-03,235.00,352.50,1,9.12,4,Roma_6,,,,,
55-209-0374,41-371-0653,2019-12-06,75.00,112.50,2,15.00,3,Ankara_3,,,,,
55-250-4051,29-212-8537,2021-03-07,119.80,179.70,1,10.00,1,Kusadasi_2,,,,,
55-263-8669,00-988-1489,2021-09-06,320.00,480.00,3,51.05,5,Athens_6,,,,,
55-443-2920,75-937-6004,2022-01-23,93.13,139.70,2,67.77,4,Palermo_6,,,,,
55-592-1782,80-268-7959,2021-09-08,144.09,216.14,2,99.24,4,Roma_3,,,,,
55-619-8849,15-547-7156,2022-04-27,52.08,78.12,3,10.52,4,Roma_4,,,,,
55-676-1998,59-553-0874,2022-05-27,98.00,147.00,3,91.41,5,Corfu_1,,,,,
55-734-7101,27-350-6986,2022-02-20,124.62,186.93,3,10.52,6,Roma_5,,,,,
55-932-3347,01-905-4730,2021-04-09,119.80,179.70,1,89.84,5,Palermo_4,,,,,
56-076-6137,46-957-2549,2020-08-13,144.09,216.14,2,10.00,3,Kusadasi_1,,,,,
56-184-4508,00-806-0662,2020-03-12,225.00,337.50,3,15.00,6,Palermo_1,,,,,
56-195-4013,96-259-0479,2022-06-21,101.60,152.40,3,9.12,5,Ankara_6,,,,,
56-271-4185,83-800-4789,2021-10-09,225.00,337.50,3,91.41,3,Corfu_4,,,,,
56-307-1423,23-541-2030,2021-08-17,119.80,179.70,1,91.41,4,Palermo_5,,,,,
56-331-9919,72-417-9175,2021-11-03,220.00,330.00,3,35.44,6,Corfu_5,,,,,
56-545-1829,14-427-0652,2022-02-15,133.17,199.76,1,91.14,1,Athens_1,,,,,
56-644-2509,47-775-2879,2020-12-26,52.08,78.12,2,67.77,2,Athens_2,,,,,
56-775-4607,99-823-8050,2020-05-07,119.80,179.70,3,61.49,4,Athens_2,,,,,
56-840-9304,26-834-8571,2019-10-14,52.08,78.12,2,80.34,4,Palermo_2,,,,,
56-933-2115,17-162-2135,2022-05-15,144.09,216.14,3,99.24,6,Kusadasi_5,,,,,
57-393-6200,58-519-0920,2020-01-17,83.99,125.99,1,35.44,1,Athens_4,,,,,
57-417-7291,60-477-3944,2022-07-17,98.00,147.00,3,67.77,5,Ankara_1,,,,,
57-683-6723,11-402-7555,2022-12-29,320.00,480.00,2,80.34,6,Kusadasi_5,,,,,
57-755-0191,03-133-1843,2022-01-22,44.57,66.86,1,24.00,1,Roma_4,,,,,
57-761-6559,79-080-9855,2020-11-29,235.00,352.50,1,17.40,4,Kusadasi_6,,,,,
57-773-2064,82-214-2697,2022-03-17,52.08,78.12,2,73.09,5,Athens_4,,,,,
58-064-3049,93-710-1150,2019-08-15,98.00,147.00,3,80.34,6,Athens_5,,,,,
58-115-0437,06-831-0706,2021-01-30,91.84,137.76,2,68.89,3,Kusadasi_1,,,,,
58-149-3499,15-038-3835,2021-08-14,124.62,186.93,3,10.00,6,Kusadasi_4,,,,,
58-251-6487,37-472-2855,2021-01-23,44.57,66.86,3,97.48,6,Ankara_1,,,,,
58-287-7773,22-744-2112,2019-07-17,133.17,199.76,3,53.53,3,Corfu_5,,,,,
58-300-9513,49-948-7915,2021-07-11,44.57,66.86,1,97.48,3,Kusadasi_6,,,,,
58-326-4792,49-045-3798,2020-05-03,44.57,66.86,3,99.24,2,Roma_2,,,,,
58-376-5889,26-673-1238,2020-09-27,320.00,480.00,2,10.00,3,Ankara_6,,,,,
58-419-3322,76-663-5204,2021-02-20,119.80,179.70,3,98.01,2,Kusadasi_1,,,,,
58-753-8307,37-845-3065,2021-07-14,91.84,137.76,3,24.00,5,Ankara_1,,,,,
59-023-1187,63-547-7404,2020-10-27,220.00,330.00,3,89.84,4,Ankara_6,,,,,
59-380-4206,14-852-2100,2020-09-30,144.09,216.14,3,91.41,5,Palermo_4,,,,,
59-493-4419,43-748-1342,2019-11-20,69.38,104.07,2,17.40,2,Corfu_2,,,,,
59-613-6838,64-444-2153,2019-09-20,210.00,315.00,1,20.33,1,Athens_3,,,,,
59-617-9817,37-038-2215,2021-06-02,93.13,139.70,2,80.34,1,Palermo_3,,,,,
59-738-2614,47-010-9846,2019-07-26,190.00,285.00,2,51.05,5,Palermo_1,,,,,
59-784-8988,54-763-6870,2022-06-03,190.00,285.00,2,94.76,5,Kusadasi_4,,,,,
59-971-2896,50-753-5196,2019-08-23,190.00,285.00,3,67.77,2,Kusadasi_3,,,,,
60-009-2815,46-123-3292,2021-09-28,210.00,315.00,3,97.48,4,Athens_2,,,,,
60-078-2571,61-679-9578,2020-04-02,125.00,187.50,2,61.49,5,Athens_3,,,,,
60-081-1759,81-155-1642,2019-07-27,235.00,352.50,1,30.00,6,Corfu_6,,,,,
60-197-5739,79-227-9821,2022-02-27,133.17,199.76,3,51.05,6,Ankara_5,,,,,
60-230-9043,92-898-9409,2021-08-21,220.00,330.00,1,51.05,5,Athens_3,,,,,
60-270-8291,42-037-9687,2020-11-20,235.00,352.50,1,35.44,3,Corfu_4,,,,,
60-600-4172,28-838-2563,2020-01-02,235.00,352.50,3,10.52,6,Kusadasi_5,,,,,
60-725-6733,11-447-6901,2019-09-05,125.00,187.50,2,24.00,5,Athens_4,,,,,
60-885-4424,82-505-1173,2020-08-16,235.00,352.50,1,31.20,5,Kusadasi_5,,,,,
60-913-9847,15-796-7574,2020-02-22,91.84,137.76,2,68.89,4,Palermo_5,,,,,
61-057-1975,72-013-3529,2022-06-26,101.60,152.40,3,98.01,1,Kusadasi_6,,,,,
61-096-3317,97-003-2495,2022-05-04,83.99,125.99,1,17.40,3,Palermo_5,,,,,
61-097-0206,69-254-9529,2020-10-25,93.13,139.70,3,98.01,6,Roma_5,,,,,
61-185-3517,52-456-8474,2020-06-07,83.99,125.99,1,53.53,1,Ankara_6,,,,,
61-501-5110,03-350-0766,2020-04-07,225.00,337.50,3,10.52,2,Kusadasi_1,,,,,
61-509-9344,23-245-6549,2021-02-13,235.00,352.50,3,20.33,6,Kusadasi_5,,,,,
61-533-3161,34-306-8680,2022-04-05,235.00,352.50,3,53.53,6,Ankara_2,,,,,
61-618-8783,64-856-3763,2022-05-16,124.62,186.93,3,37.04,4,Roma_1,,,,,
61-622-8419,02-156-3419,2019-10-21,91.84,137.76,3,94.76,3,Roma_6,,,,,
61-720-5633,56-125-9083,2019-07-24,93.13,139.70,2,23.00,5,Athens_3,,,,,
61-721-9793,21-055-2991,2022-06-20,310.00,465.00,2,35.44,2,Ankara_4,,,,,
61-729-8958,50-376-1116,2020-01-04,91.84,137.76,3,20.33,1,Roma_6,,,,,
61-753-0334,76-207-5652,2020-04-20,133.17,199.76,1,73.09,6,Kusadasi_1,,,,,
61-799-5380,07-187-1437,2020-11-22,310.00,465.00,2,98.01,2,Roma_5,,,,,
61-841-5883,44-048-2898,2022-11-14,320.00,480.00,3,94.76,1,Ankara_2,,,,,
62-086-4242,46-049-5828,2021-04-26,83.99,125.99,3,97.48,3,Kusadasi_4,,,,,
62-201-9287,05-480-9942,2019-06-26,320.00,480.00,3,20.00,4,Corfu_1,,,,,
62-507-3661,28-076-4615,2021-10-18,168.27,252.41,2,23.00,4,Roma_4,,,,,
62-591-7981,45-876-6548,2021-12-03,91.84,137.76,2,20.00,3,Roma_5,,,,,
62-768-3976,37-402-2949,2022-10-10,91.84,137.76,2,20.33,2,Roma_2,,,,,
62-918-2454,30-395-2269,2021-12-03,125.00,187.50,2,20.00,5,Ankara_6,,,,,
63-204-3800,75-905-7326,2019-08-04,190.00,285.00,2,11.23,1,Corfu_4,,,,,
63-236-3555,81-015-5506,2021-04-25,124.62,186.93,1,61.49,1,Kusadasi_2,,,,,
63-346-9064,79-339-7626,2022-01-14,119.80,179.70,1,9.71,6,Roma_3,,,,,
63-453-3505,66-811-8791,2021-02-01,98.00,147.00,1,15.00,1,Palermo_4,,,,,
63-500-9286,28-196-8983,2021-01-02,133.17,199.76,3,54.08,4,Kusadasi_5,,,,,
63-555-6345,98-945-3693,2020-09-20,320.00,480.00,3,20.33,4,Kusadasi_6,,,,,
63-761-3686,65-353-0657,2020-08-25,235.00,352.50,1,15.00,6,Kusadasi_3,,,,,
64-051-9774,53-257-4115,2020-05-14,69.38,104.07,2,10.52,6,Roma_6,,,,,
64-141-5718,11-127-1413,2020-08-01,93.13,139.70,3,20.00,2,Palermo_5,,,,,
64-427-6469,01-646-4719,2021-03-02,125.00,187.50,2,9.71,2,Palermo_2,,,,,
64-446-6092,21-950-4765,2021-02-04,44.57,66.86,3,73.09,6,Athens_5,,,,,
64-569-9390,00-381-6823,2021-12-12,93.13,139.70,3,89.84,5,Palermo_6,,,,,
64-718-6202,30-426-0861,2019-08-15,310.00,465.00,2,68.89,2,Roma_6,,,,,
64-918-4744,32-854-1763,2019-09-16,220.00,330.00,3,35.44,3,Roma_4,,,,,
64-941-6067,18-179-2197,2019-09-11,69.38,104.07,2,47.84,1,Ankara_1,,,,,
65-080-5283,85-368-5194,2021-10-24,44.57,66.86,1,54.08,6,Roma_3,,,,,
65-170-4476,72-484-4060,2021-03-25,168.27,252.41,2,20.00,4,Kusadasi_6,,,,,
65-249-5260,63-572-7482,2019-09-05,210.00,315.00,3,9.12,5,Kusadasi_1,,,,,
65-262-1387,42-475-0558,2020-12-04,168.27,252.41,3,20.00,4,Corfu_4,,,,,
65-301-1388,19-175-1000,2022-05-05,168.27,252.41,2,15.00,1,Palermo_1,,,,,
65-311-3002,00-090-3491,2019-08-26,320.00,480.00,2,9.12,6,Kusadasi_3,,,,,
65-329-2436,23-605-5942,2021-11-24,98.00,147.00,3,54.08,1,Athens_1,,,,,
65-351-6434,90-876-6799,2021-08-17,75.00,112.50,3,10.52,6,Palermo_2,,,,,
65-386-4145,56-917-2112,2022-01-26,91.84,137.76,2,67.77,2,Corfu_3,,,,,
65-428-6495,07-014-5107,2022-09-20,93.13,139.70,2,54.08,1,Roma_2,,,,,
65-432-1983,09-340-5529,2021-07-19,83.99,125.99,3,73.09,1,Athens_3,,,,,
65-451-1818,26-402-5585,2021-08-16,93.13,139.70,2,47.84,6,Ankara_3,,,,,
65-485-7254,95-331-1993,2020-08-15,83.99,125.99,3,15.00,6,Athens_5,,,,,
65-907-3127,05-230-9436,2022-08-20,119.80,179.70,1,24.00,5,Palermo_3,,,,,
65-919-0733,40-270-8030,2019-06-26,93.13,139.70,3,67.77,2,Athens_1,,,,,
65-966-4872,97-687-5761,2020-05-09,93.13,139.70,2,30.00,4,Athens_3,,,,,
66-056-8690,30-134-4141,2019-09-29,235.00,352.50,3,91.14,2,Palermo_2,,,,,
66-068-8313,91-484-8549,2021-10-12,168.27,252.41,2,51.05,5,Ankara_3,,,,,
66-188-6911,51-529-9908,2022-07-12,310.00,465.00,3,80.34,1,Athens_5,,,,,
66-276-1471,01-889-1994,2021-02-10,75.00,112.50,2,9.12,4,Kusadasi_1,,,,,
66-392-1377,63-536-7273,2020-04-18,75.00,112.50,2,91.14,5,Athens_5,,,,,
66-501-9308,43-303-6151,2020-10-22,75.00,112.50,2,97.48,4,Athens_3,,,,,
66-525-3598,04-007-9403,2021-07-18,125.00,187.50,3,61.49,2,Ankara_6,,,,,
66-576-7484,45-619-6096,2019-09-16,144.09,216.14,2,67.77,5,Athens_5,,,,,
66-610-1519,63-816-5027,2021-11-10,168.27,252.41,2,9.71,1,Corfu_2,,,,,
66-665-1879,34-099-5874,2019-09-19,98.00,147.00,1,37.04,5,Roma_4,,,,,
66-679-8766,61-623-7377,2021-07-03,220.00,330.00,3,11.23,3,Ankara_5,,,,,
66-721-3658,37-428-9401,2020-04-07,91.84,137.76,2,11.23,6,Athens_2,,,,,
67-009-1409,15-086-9086,2020-10-16,75.00,112.50,3,91.41,3,Roma_2,,,,,
67-067-9693,04-268-9065,2020-12-10,320.00,480.00,2,30.00,5,Athens_6,,,,,
67-156-1140,77-254-6430,2020-03-20,320.00,480.00,2,97.48,6,Roma_5,,,,,
67-172-7841,30-049-5208,2022-04-27,91.84,137.76,2,54.08,2,Roma_4,,,,,
67-382-6166,31-388-0154,2019-10-09,124.62,186.93,3,30.00,1,Palermo_5,,,,,
67-413-6177,23-557-3971,2019-08-14,98.00,147.00,1,94.76,5,Ankara_2,,,,,
67-455-5976,61-361-4915,2020-05-20,98.00,147.00,1,9.12,6,Athens_2,,,,,
67-709-5581,77-111-2020,2020-03-01,210.00,315.00,1,89.84,3,Athens_2,,,,,
67-723-0322,69-530-7688,2022-03-13,69.38,104.07,2,91.41,4,Kusadasi_6,,,,,
67-748-7876,71-721-5004,2020-03-14,310.00,465.00,2,89.84,4,Kusadasi_2,,,,,
67-799-1881,28-808-0517,2021-08-09,320.00,480.00,3,89.84,5,Kusadasi_3,,,,,
67-813-5657,90-138-4450,2020-02-07,125.00,187.50,2,67.77,6,Ankara_3,,,,,
67-816-5527,72-151-8614,2022-09-23,101.60,152.40,3,10.00,2,Ankara_1,,,,,
67-961-1567,00-689-5519,2022-09-17,125.00,187.50,2,94.76,5,Roma_4,,,,,
68-012-9190,14-149-6520,2022-05-01,52.08,78.12,2,94.76,6,Corfu_4,,,,,
68-226-7897,09-427-8083,2020-12-14,75.00,112.50,2,31.20,5,Corfu_4,,,,,
68-323-6449,49-237-7569,2021-02-26,119.80,179.70,1,23.00,6,Corfu_1,,,,,
68-365-1512,04-810-9943,2020-04-04,225.00,337.50,3,80.34,4,Palermo_3,,,,,
68-391-0908,79-877-0995,2022-08-14,52.08,78.12,3,30.00,6,Kusadasi_4,,,,,
68-473-3919,13-027-0249,2021-06-18,210.00,315.00,1,51.05,6,Palermo_3,,,,,
68-844-1159,98-558-7897,2021-05-06,124.62,186.93,1,53.53,1,Athens_4,,,,,
69-218-2694,70-887-8634,2020-08-01,144.09,216.14,2,24.00,2,Roma_2,,,,,
69-254-6693,75-667-5377,2020-03-02,220.00,330.00,3,30.00,1,Palermo_4,,,,,
69-361-9646,98-132-2808,2019-12-11,83.99,125.99,1,20.33,1,Ankara_1,,,,,
69-562-1762,37-335-7316,2022-02-24,310.00,465.00,3,9.71,4,Palermo_1,,,,,
69-607-3610,37-013-0292,2022-08-21,190.00,285.00,2,99.24,3,Athens_5,,,,,
69-624-5454,73-000-6730,2019-10-30,220.00,330.00,3,61.49,3,Palermo_3,,,,,
69-765-1585,60-238-7059,2022-03-07,98.00,147.00,1,23.00,6,Athens_3,,,,,
69-780-6998,83-988-2186,2020-04-14,69.38,104.07,3,23.00,6,Roma_1,,,,,
69-817-5553,08-962-4575,2021-09-06,69.38,104.07,2,35.44,2,Ankara_3,,,,,
69-817-7678,37-704-3505,2022-07-11,124.62,186.93,3,15.00,4,Corfu_6,,,,,
70-276-7176,58-991-4580,2022-10-02,83.99,125.99,3,31.20,4,Athens_3,,,,,
70-349-8770,94-757-1930,2020-08-23,75.00,112.50,2,30.00,1,Kusadasi_6,,,,,
70-350-8506,60-243-1925,2022-02-04,52.08,78.12,2,17.40,5,Palermo_5,,,,,
70-365-1885,46-402-7692,2020-08-15,44.57,66.86,3,20.33,2,Palermo_4,,,,,
70-424-5723,81-515-1278,2022-08-02,119.80,179.70,3,11.23,1,Kusadasi_2,,,,,
70-821-6798,60-337-9209,2022-03-23,125.00,187.50,2,54.08,4,Ankara_4,,,,,
71-140-6745,50-340-3351,2020-11-10,93.13,139.70,2,61.49,1,Athens_4,,,,,
71-188-6549,32-091-9218,2022-08-03,310.00,465.00,2,20.33,5,Ankara_1,,,,,
71-197-3844,08-227-7061,2022-06-21,83.99,125.99,3,9.71,4,Kusadasi_6,,,,,
71-274-0068,13-867-0430,2021-05-03,83.99,125.99,1,89.84,6,Ankara_6,,,,,
71-373-6387,40-831-4524,2020-05-29,144.09,216.14,2,31.20,2,Ankara_5,,,,,
71-409-7516,51-673-6515,2019-07-24,69.38,104.07,2,23.00,2,Roma_5,,,,,
71-440-8512,71-615-2472,2019-11-24,310.00,465.00,2,94.76,4,Palermo_4,,,,,
71-485-0830,58-972-0413,2020-04-25,190.00,285.00,3,98.01,4,Palermo_2,,,,,
71-516-9998,13-051-6609,2019-12-17,75.00,112.50,2,61.49,4,Palermo_1,,,,,
71-828-3556,68-814-7130,2019-06-26,190.00,285.00,3,99.24,1,Corfu_5,,,,,
71-925-2450,59-072-5051,2020-06-08,44.57,66.86,3,35.44,2,Athens_2,,,,,
72-015-0440,29-402-3395,2022-09-01,101.60,152.40,1,89.84,5,Kusadasi_4,,,,,
72-099-2457,44-352-4880,2020-06-15,144.09,216.14,3,10.52,4,Roma_5,,,,,
72-207-0940,35-838-2312,2022-09-27,168.27,252.41,2,30.00,4,Palermo_3,,,,,
72-306-1723,67-746-6460,2020-07-01,69.38,104.07,3,98.01,3,Ankara_2,,,,,
72-325-3096,28-494-9464,2021-01-10,69.38,104.07,2,35.44,5,Corfu_4,,,,,
72-727-1317,72-045-4857,2020-03-26,44.57,66.86,1,30.00,3,Ankara_4,,,,,
72-823-6963,98-374-2865,2020-03-03,310.00,465.00,3,11.23,5,Ankara_2,,,,,
73-375-8634,71-750-9970,2020-05-31,125.00,187.50,3,94.76,1,Roma_2,,,,,
73-455-3435,57-489-1320,2022-05-05,225.00,337.50,3,17.40,5,Kusadasi_1,,,,,
73-876-5941,42-286-4150,2019-07-03,75.00,112.50,2,10.52,4,Roma_6,,,,,
73-900-4790,22-928-0299,2020-10-13,119.80,179.70,1,30.00,1,Corfu_2,,,,,
73-985-2542,68-514-7375,2020-01-01,83.99,125.99,3,20.00,2,Roma_2,,,,,
74-006-2266,27-104-9440,2022-03-10,190.00,285.00,2,9.71,6,Ankara_1,,,,,
74-034-2507,36-821-2511,2020-09-27,52.08,78.12,2,24.00,2,Palermo_5,,,,,
74-302-4817,65-987-4463,2022-12-09,83.99,125.99,3,35.44,4,Roma_2,,,,,
74-314-5556,38-163-2437,2021-02-13,69.38,104.07,2,99.24,4,Ankara_3,,,,,
74-339-3540,04-641-1747,2020-05-06,93.13,139.70,3,9.12,3,Kusadasi_6,,,,,
74-346-3086,86-735-3061,2022-01-11,125.00,187.50,3,47.84,5,Corfu_3,,,,,
74-564-7314,09-888-3706,2019-12-20,91.84,137.76,2,98.01,5,Palermo_6,,,,,
74-603-8937,28-599-7053,2022-08-19,98.00,147.00,3,61.49,2,Kusadasi_3,,,,,
74-776-4460,10-047-1960,2022-07-21,310.00,465.00,2,23.00,3,Roma_5,,,,,
74-980-5294,34-309-3114,2021-12-05,124.62,186.93,1,35.44,4,Corfu_2,,,,,
75-362-1645,63-604-3193,2021-09-10,98.00,147.00,1,91.14,3,Corfu_3,,,,,
75-421-5444,84-742-3186,2021-10-24,310.00,465.00,2,91.14,2,Kusadasi_6,,,,,
75-463-0491,45-196-5583,2020-01-10,220.00,330.00,3,68.89,2,Ankara_3,,,,,
75-556-0225,09-203-2909,2020-02-15,320.00,480.00,2,51.05,6,Kusadasi_4,,,,,
75-606-4195,08-784-0123,2020-10-09,190.00,285.00,2,20.00,3,Corfu_1,,,,,
75-655-7346,80-467-4735,2020-08-30,210.00,315.00,3,89.84,1,Ankara_5,,,,,
75-714-6097,51-263-4679,2019-10-03,225.00,337.50,3,37.04,3,Kusadasi_6,,,,,
75-786-1124,20-180-7160,2020-01-24,133.17,199.76,3,9.12,1,Kusadasi_6,,,,,
75-883-4614,26-608-5179,2020-07-04,124.62,186.93,3,35.44,2,Roma_4,,,,,
76-063-7709,83-465-8495,2019-12-16,124.62,186.93,3,20.33,6,Ankara_2,,,,,
76-176-1093,96-909-7950,2021-05-07,225.00,337.50,1,10.52,4,Roma_3,,,,,
76-194-5836,87-825-2791,2020-01-02,168.27,252.41,2,15.00,3,Athens_3,,,,,
76-201-5085,69-118-4914,2020-04-18,210.00,315.00,3,10.00,4,Roma_6,,,,,
76-334-1448,53-665-5572,2019-12-07,69.38,104.07,2,31.20,2,Roma_6,,,,,
76-380-8355,58-165-3429,2020-02-08,75.00,112.50,2,68.89,6,Corfu_5,,,,,
76-437-5698,42-905-5328,2020-01-05,225.00,337.50,3,20.33,5,Roma_1,,,,,
76-509-2544,76-847-6826,2020-05-11,144.09,216.14,2,91.14,1,Kusadasi_5,,,,,
76-522-9855,48-297-2055,2021-11-13,225.00,337.50,1,9.71,2,Corfu_4,,,,,
76-627-0236,02-974-0997,2020-09-22,168.27,252.41,2,97.48,5,Ankara_5,,,,,
76-705-8000,73-981-1213,2022-06-14,101.60,152.40,3,91.14,2,Palermo_3,,,,,
76-746-0202,37-149-1807,2022-02-05,98.00,147.00,3,35.44,2,Athens_4,,,,,
76-763-0657,42-806-9893,2022-05-06,235.00,352.50,3,61.49,4,Kusadasi_4,,,,,
76-769-5168,28-146-1975,2021-09-02,101.60,152.40,1,91.41,6,Athens_6,,,,,
76-855-7164,59-998-9285,2020-06-11,52.08,78.12,2,30.00,6,Palermo_1,,,,,
76-867-4343,96-628-9343,2021-06-08,190.00,285.00,2,98.01,6,Athens_4,,,,,
76-913-8795,58-684-1818,2020-08-18,190.00,285.00,2,24.00,6,Athens_4,,,,,
77-083-7289,38-183-2380,2021-05-07,225.00,337.50,1,31.20,3,Palermo_2,,,,,
77-165-4390,14-150-3681,2020-02-04,220.00,330.00,3,91.14,2,Palermo_5,,,,,
77-180-0305,03-684-7057,2021-08-25,124.62,186.93,1,94.76,3,Kusadasi_4,,,,,
77-206-4888,73-312-7210,2022-03-21,98.00,147.00,1,98.01,6,Athens_6,,,,,
77-325-6969,99-181-8100,2020-01-27,83.99,125.99,1,91.41,5,Athens_3,,,,,
77-367-2436,42-607-3260,2021-08-03,124.62,186.93,3,31.20,2,Corfu_2,,,,,
77-527-7922,98-090-3894,2021-09-10,83.99,125.99,1,99.24,3,Kusadasi_3,,,,,
77-561-4347,10-921-5699,2022-05-26,168.27,252.41,2,89.84,4,Palermo_5,,,,,
77-635-7433,75-271-9762,2020-01-29,98.00,147.00,1,67.77,2,Athens_3,,,,,
77-779-8790,31-432-4517,2020-06-12,235.00,352.50,1,67.77,5,Athens_4,,,,,
77-827-0603,78-169-2461,2019-09-30,310.00,465.00,3,23.00,6,Athens_6,,,,,
77-889-7684,05-507-9751,2020-03-02,144.09,216.14,2,73.09,1,Palermo_1,,,,,
77-904-4749,32-058-7312,2022-06-25,91.84,137.76,2,15.00,4,Ankara_2,,,,,
77-986-1901,62-452-0994,2019-12-30,190.00,285.00,2,80.34,1,Athens_4,,,,,
78-040-2505,17-062-2228,2020-08-17,190.00,285.00,2,31.20,4,Palermo_2,,,,,
78-204-9950,68-882-8050,2020-12-21,168.27,252.41,2,35.44,5,Palermo_3,,,,,
78-214-6816,26-401-4662,2020-02-24,133.17,199.76,3,10.52,1,Ankara_6,,,,,
78-352-3174,97-050-8120,2019-10-03,235.00,352.50,3,51.05,6,Kusadasi_6,,,,,
78-407-9810,89-643-5055,2022-09-19,190.00,285.00,3,9.12,6,Palermo_3,,,,,
78-692-7008,60-508-6117,2021-04-17,44.57,66.86,3,53.53,5,Athens_2,,,,,
78-803-3890,32-514-4207,2020-10-08,220.00,330.00,1,80.34,2,Athens_6,,,,,
78-806-0853,83-486-4557,2020-06-10,83.99,125.99,1,15.00,6,Roma_4,,,,,
79-268-0334,91-062-1559,2021-02-11,93.13,139.70,2,51.05,1,Palermo_6,,,,,
79-518-4381,82-124-3942,2022-06-04,98.00,147.00,3,9.12,5,Ankara_1,,,,,
79-555-6824,70-750-9176,2021-01-01,190.00,285.00,2,89.84,3,Athens_1,,,,,
79-627-2533,03-040-0318,2021-03-02,52.08,78.12,2,89.84,4,Kusadasi_5,,,,,
79-638-3210,92-135-9201,2021-07-05,98.00,147.00,3,53.53,1,Palermo_6,,,,,
79-850-0887,53-501-6288,2021-03-17,168.27,252.41,3,89.84,4,Athens_6,,,,,
79-946-2742,03-331-1028,2022-01-30,235.00,352.50,3,89.84,6,Ankara_3,,,,,
80-076-4032,10-341-4047,2021-10-04,310.00,465.00,2,17.40,6,Ankara_4,,,,,
80-215-3898,66-365-0560,2021-12-21,69.38,104.07,2,98.01,2,Palermo_5,,,,,
80-258-5757,49-298-2216,2020-05-28,225.00,337.50,3,67.77,1,Corfu_3,,,,,
80-349-3939,04-935-5157,2022-12-25,69.38,104.07,3,15.00,5,Ankara_5,,,,,
80-461-9387,64-198-0112,2021-10-02,235.00,352.50,1,20.00,3,Palermo_1,,,,,
80-489-4967,33-285-9278,2019-12-22,225.00,337.50,1,9.12,4,Ankara_3,,,,,
80-544-0183,74-548-0202,2022-11-12,168.27,252.41,2,31.20,1,Roma_5,,,,,
80-616-9335,34-728-6780,2019-09-21,133.17,199.76,1,67.77,3,Corfu_2,,,,,
80-720-7802,52-993-1145,2022-04-03,220.00,330.00,3,9.12,5,Kusadasi_2,,,,,
80-727-2984,65-959-0100,2022-10-19,225.00,337.50,1,15.00,2,Palermo_5,,,,,
80-768-1365,64-494-1301,2021-05-16,83.99,125.99,3,10.00,1,Ankara_3,,,,,
80-784-2924,77-493-2198,2021-03-03,168.27,252.41,3,61.49,4,Athens_6,,,,,
80-890-3871,06-514-5687,2019-12-06,235.00,352.50,3,91.41,1,Ankara_6,,,,,
80-923-1183,27-255-5518,2021-05-07,220.00,330.00,1,10.00,2,Roma_6,,,,,
80-984-7751,91-387-2469,2022-01-23,133.17,199.76,3,11.23,1,Roma_6,,,,,
81-109-8738,12-123-6838,2022-11-26,98.00,147.00,1,31.20,3,Corfu_3,,,,,
81-491-8325,42-820-6751,2021-10-14,235.00,352.50,3,23.00,3,Roma_2,,,,,
81-493-5555,37-292-6370,2022-02-21,168.27,252.41,2,10.52,5,Athens_5,,,,,
81-653-6035,69-923-8256,2020-08-24,93.13,139.70,2,91.41,2,Ankara_1,,,,,
81-819-6997,04-960-9928,2022-04-12,98.00,147.00,1,47.84,5,Corfu_4,,,,,
81-875-5053,81-678-3234,2021-04-29,83.99,125.99,1,53.53,3,Corfu_5,,,,,
81-881-8993,60-136-4870,2021-11-01,101.60,152.40,3,61.49,4,Athens_3,,,,,
81-898-7131,29-300-1910,2022-11-29,225.00,337.50,1,30.00,3,Athens_1,,,,,
81-940-9983,44-383-3466,2022-03-02,190.00,285.00,2,68.89,2,Kusadasi_4,,,,,
82-090-4450,01-560-0809,2019-06-27,225.00,337.50,3,51.05,5,Palermo_4,,,,,
82-287-7415,39-738-3678,2022-05-11,210.00,315.00,1,10.52,6,Athens_6,,,,,
82-410-4692,63-986-0563,2021-10-31,225.00,337.50,3,54.08,2,Athens_1,,,,,
82-422-7097,60-024-5912,2021-03-21,98.00,147.00,3,99.24,2,Athens_6,,,,,
82-445-5186,73-471-6783,2021-09-23,133.17,199.76,1,51.05,2,Ankara_5,,,,,
82-505-2050,65-481-0473,2020-07-25,98.00,147.00,3,9.71,4,Ankara_5,,,,,
82-589-4385,71-561-5133,2020-06-19,190.00,285.00,3,10.00,3,Kusadasi_3,,,,,
82-639-1298,09-710-7305,2019-09-04,52.08,78.12,2,10.00,2,Ankara_6,,,,,
82-799-6775,40-116-0451,2022-08-04,310.00,465.00,2,61.49,6,Kusadasi_1,,,,,
83-217-3894,18-607-5868,2021-03-09,168.27,252.41,3,94.76,3,Kusadasi_3,,,,,
83-220-9837,57-301-6790,2020-10-24,75.00,112.50,2,73.09,2,Kusadasi_1,,,,,
83-262-1365,90-423-2784,2020-04-28,133.17,199.76,3,30.00,1,Ankara_3,,,,,
83-336-8250,40-260-1346,2021-10-18,124.62,186.93,1,24.00,2,Kusadasi_1,,,,,
83-499-1350,66-683-1761,2022-08-12,44.57,66.86,3,31.20,3,Corfu_1,,,,,
83-547-0450,71-908-5082,2021-04-24,133.17,199.76,3,20.00,1,Athens_5,,,,,
83-584-6805,43-831-6225,2019-09-25,225.00,337.50,1,91.14,3,Corfu_5,,,,,
83-597-0985,04-962-5217,2020-05-20,168.27,252.41,2,98.01,3,Roma_6,,,,,
83-687-4769,34-839-6626,2021-09-26,220.00,330.00,3,9.71,4,Corfu_4,,,,,
83-924-4913,92-325-4771,2019-09-14,210.00,315.00,3,20.00,6,Roma_2,,,,,
84-007-9095,14-396-6788,2020-10-14,52.08,78.12,3,35.44,1,Ankara_6,,,,,
84-017-7714,38-777-7517,2020-02-22,210.00,315.00,1,97.48,6,Corfu_4,,,,,
84-039-6634,43-167-6563,2021-07-18,168.27,252.41,2,80.34,1,Palermo_4,,,,,
84-041-9180,67-529-6495,2022-08-24,210.00,315.00,1,99.24,2,Athens_5,,,,,
84-561-9421,44-106-8726,2020-03-29,101.60,152.40,1,67.77,5,Kusadasi_5,,,,,
84-632-0013,67-841-9713,2021-11-04,133.17,199.76,1,97.48,4,Corfu_4,,,,,
84-681-6641,35-109-7817,2019-10-21,320.00,480.00,2,11.23,5,Corfu_2,,,,,
84-707-3314,66-441-5150,2020-10-20,91.84,137.76,3,80.34,1,Palermo_2,,,,,
84-724-9712,90-491-1239,2022-06-07,190.00,285.00,2,61.49,1,Roma_2,,,,,
84-854-1349,83-854-5062,2021-09-01,210.00,315.00,1,80.34,5,Roma_5,,,,,
84-864-3249,75-496-8007,2019-12-18,235.00,352.50,1,9.71,3,Roma_2,,,,,
84-923-5585,04-213-6891,2022-03-03,320.00,480.00,2,99.24,6,Athens_3,,,,,
84-951-9107,20-514-8420,2022-01-09,133.17,199.76,1,47.84,4,Kusadasi_1,,,,,
84-976-0893,91-647-4130,2019-10-30,220.00,330.00,3,20.00,6,Corfu_3,,,,,
85-196-6451,15-968-4354,2021-06-29,190.00,285.00,2,47.84,6,Ankara_1,,,,,
85-313-3288,50-213-8609,2019-07-14,320.00,480.00,2,15.00,2,Corfu_6,,,,,
85-463-0651,10-972-8681,2020-01-06,101.60,152.40,1,94.76,3,Ankara_6,,,,,
85-559-9663,03-883-9835,2020-07-30,124.62,186.93,3,9.12,3,Ankara_5,,,,,
85-569-0097,40-946-4285,2020-12-21,144.09,216.14,2,17.40,1,Palermo_2,,,,,
85-580-7392,67-611-0715,2019-07-20,83.99,125.99,1,94.76,2,Athens_3,,,,,
85-795-3011,08-390-4691,2022-04-13,44.57,66.86,1,30.00,1,Ankara_2,,,,,
85-868-5544,56-376-6225,2022-12-05,190.00,285.00,2,91.14,1,Corfu_5,,,,,
85-912-4773,13-838-5377,2022-04-04,83.99,125.99,1,67.77,5,Palermo_2,,,,,
85-956-0185,80-992-8483,2022-09-14,190.00,285.00,2,10.00,5,Kusadasi_2,,,,,
85-961-5775,13-517-7084,2021-05-07,310.00,465.00,2,99.24,1,Corfu_2,,,,,
86-053-9440,85-127-4717,2022-12-23,93.13,139.70,2,91.14,3,Ankara_6,,,,,
86-114-9232,80-927-5246,2020-12-20,320.00,480.00,2,51.05,2,Kusadasi_2,,,,,
86-161-8508,30-668-7438,2022-08-05,225.00,337.50,3,98.01,4,Palermo_4,,,,,
86-227-8811,95-306-3083,2022-11-26,210.00,315.00,3,15.00,2,Roma_5,,,,,
86-275-9654,14-998-1300,2020-09-30,235.00,352.50,3,67.77,4,Palermo_2,,,,,
86-400-9239,75-358-8408,2019-07-06,98.00,147.00,1,51.05,3,Kusadasi_2,,,,,
86-425-5753,57-843-3690,2021-05-27,52.08,78.12,2,37.04,6,Roma_6,,,,,
86-581-4964,78-150-8068,2021-06-19,133.17,199.76,1,9.71,4,Ankara_2,,,,,
86-606-8047,30-847-7835,2021-05-27,133.17,199.76,3,91.14,1,Ankara_6,,,,,
86-668-1105,19-291-5558,2021-07-17,310.00,465.00,3,31.20,5,Kusadasi_4,,,,,
86-725-2449,64-810-4341,2021-01-16,101.60,152.40,1,68.89,5,Kusadasi_3,,,,,
86-819-6178,06-321-2499,2022-10-30,320.00,480.00,2,30.00,3,Corfu_3,,,,,
87-292-9640,57-007-8529,2022-04-09,101.60,152.40,3,73.09,3,Ankara_1,,,,,
87-409-2090,61-290-1464,2022-05-24,133.17,199.76,3,20.33,4,Athens_3,,,,,
87-435-5817,30-481-3036,2021-04-26,52.08,78.12,2,31.20,4,Ankara_2,,,,,
87-443-7001,28-875-7993,2021-12-28,101.60,152.40,1,23.00,5,Kusadasi_6,,,,,
87-503-4703,47-264-6899,2020-06-25,44.57,66.86,3,68.89,3,Roma_2,,,,,
87-530-1190,39-999-0021,2020-02-23,190.00,285.00,2,20.33,6,Roma_4,,,,,
87-535-8388,10-196-1743,2021-04-02,210.00,315.00,1,54.08,5,Palermo_6,,,,,
87-546-5058,19-112-3031,2021-06-13,225.00,337.50,3,10.00,6,Corfu_2,,,,,
87-599-0366,09-688-8521,2020-12-03,93.13,139.70,2,99.24,1,Kusadasi_2,,,,,
87-618-1229,31-320-9549,2021-04-09,310.00,465.00,2,24.00,2,Kusadasi_5,,,,,
87-763-3059,28-301-5131,2021-06-21,83.99,125.99,3,30.00,4,Roma_2,,,,,
87-766-3663,81-476-1236,2020-10-27,144.09,216.14,3,9.71,1,Corfu_6,,,,,
87-796-6079,76-184-8198,2021-07-07,210.00,315.00,1,91.14,1,Ankara_3,,,,,
87-820-2746,10-534-1630,2021-06-27,124.62,186.93,1,10.52,1,Corfu_6,,,,,
87-939-7467,45-879-0850,2021-04-02,101.60,152.40,3,20.00,4,Athens_4,,,,,
87-976-0252,12-472-1799,2020-04-24,144.09,216.14,2,97.48,5,Roma_1,,,,,
87-988-3093,07-111-7669,2021-06-08,235.00,352.50,1,9.12,2,Palermo_4,,,,,
88-109-5070,12-180-4369,2022-06-03,69.38,104.07,3,91.14,5,Roma_6,,,,,
88-109-8460,48-656-3310,2020-02-11,320.00,480.00,3,9.12,3,Corfu_2,,,,,
88-367-5894,97-708-6756,2021-03-24,52.08,78.12,3,53.53,4,Athens_6,,,,,
88-729-8334,71-766-2433,2022-12-18,101.60,152.40,1,35.44,1,Kusadasi_1,,,,,
88-756-9391,87-886-6643,2022-12-21,93.13,139.70,2,68.89,3,Kusadasi_4,,,,,
88-813-0409,88-633-8492,2022-06-17,83.99,125.99,1,80.34,1,Corfu_3,,,,,
89-007-9559,21-798-9412,2020-04-10,133.17,199.76,1,94.76,4,Roma_5,,,,,
89-013-4600,60-136-0339,2020-05-04,220.00,330.00,1,20.33,3,Athens_6,,,,,
89-100-6055,47-900-5071,2021-06-19,91.84,137.76,2,24.00,2,Roma_5,,,,,
89-262-2574,94-829-5714,2019-12-11,124.62,186.93,1,98.01,4,Athens_3,,,,,
89-266-9786,24-476-4314,2021-11-21,235.00,352.50,1,80.34,4,Athens_6,,,,,
89-285-0567,33-155-2546,2022-06-11,98.00,147.00,3,94.76,4,Ankara_4,,,,,
89-306-1133,80-987-8100,2019-08-08,93.13,139.70,3,10.00,2,Kusadasi_3,,,,,
89-464-8624,22-817-6388,2019-09-13,225.00,337.50,3,47.84,4,Roma_4,,,,,
89-513-4206,70-480-2781,2022-07-18,210.00,315.00,3,30.00,2,Ankara_6,,,,,
89-535-2329,12-760-8688,2021-02-12,144.09,216.14,3,11.23,3,Kusadasi_3,,,,,
89-865-3770,29-310-6052,2021-05-31,52.08,78.12,2,91.14,5,Athens_2,,,,,
89-997-5952,80-325-0206,2019-12-21,91.84,137.76,3,31.20,4,Athens_4,,,,,
90-006-4375,60-056-7305,2022-08-08,44.57,66.86,1,89.84,5,Ankara_3,,,,,
90-122-2737,25-056-4351,2020-08-03,119.80,179.70,3,67.77,1,Athens_1,,,,,
90-256-2320,38-029-8372,2019-06-14,144.09,216.14,2,94.76,5,Palermo_4,,,,,
90-317-7928,42-982-8925,2020-06-04,44.57,66.86,3,80.34,6,Palermo_3,,,,,
90-320-2065,37-935-3233,2022-10-17,93.13,139.70,2,94.76,2,Athens_5,,,,,
90-359-2449,83-549-0652,2022-08-21,190.00,285.00,3,53.53,1,Kusadasi_2,,,,,
90-389-3298,24-902-5422,2022-08-24,320.00,480.00,2,91.14,5,Roma_1,,,,,
90-478-9446,82-587-1933,2019-07-03,98.00,147.00,3,24.00,5,Kusadasi_4,,,,,
90-716-3855,92-904-9582,2021-03-18,91.84,137.76,2,91.14,5,Palermo_3,,,,,
90-877-0957,13-919-9687,2023-01-04,91.84,137.76,2,10.00,4,Athens_2,,,,,
90-878-2657,03-215-3959,2020-11-29,119.80,179.70,3,47.84,1,Athens_6,,,,,
90-921-1904,82-278-5664,2021-08-16,310.00,465.00,2,24.00,6,Corfu_3,,,,,
90-989-2851,59-450-2625,2020-08-24,83.99,125.99,3,68.89,1,Athens_4,,,,,
91-006-3876,77-254-9655,2022-08-09,101.60,152.40,3,17.40,1,Palermo_2,,,,,
91-121-2326,85-700-6393,2021-02-09,69.38,104.07,2,68.89,5,Roma_5,,,,,
91-163-7915,16-061-3868,2022-06-29,69.38,104.07,3,54.08,3,Ankara_6,,,,,
91-242-5776,78-012-8423,2020-11-30,320.00,480.00,2,68.89,4,Corfu_2,,,,,
91-284-4644,54-926-6336,2022-08-10,52.08,78.12,2,23.00,4,Kusadasi_5,,,,,
91-332-6187,59-715-3288,2020-12-10,52.08,78.12,2,51.05,2,Athens_6,,,,,
91-490-5244,64-665-8707,2022-08-11,91.84,137.76,2,9.12,6,Kusadasi_4,,,,,
91-659-9644,64-548-0720,2020-11-29,124.62,186.93,1,54.08,5,Ankara_3,,,,,
91-690-3480,11-549-7666,2020-05-16,83.99,125.99,3,98.01,2,Kusadasi_2,,,,,
91-855-3626,94-096-1282,2021-11-16,52.08,78.12,2,91.14,4,Corfu_5,,,,,
92-282-7155,59-261-5057,2020-02-28,44.57,66.86,3,17.40,6,Roma_1,,,,,
92-392-7061,48-951-1953,2019-06-23,168.27,252.41,2,30.00,5,Roma_4,,,,,
92-487-3562,09-974-0828,2020-03-03,225.00,337.50,1,11.23,4,Palermo_1,,,,,
92-521-6256,71-435-6306,2019-11-01,125.00,187.50,2,20.33,2,Athens_3,,,,,
92-555-9940,20-380-7591,2022-09-27,125.00,187.50,2,68.89,1,Corfu_4,,,,,
92-610-5614,27-913-7247,2022-08-01,144.09,216.14,3,30.00,5,Kusadasi_2,,,,,
92-660-8297,91-235-3553,2021-02-09,69.38,104.07,2,73.09,6,Corfu_4,,,,,
92-747-8084,91-251-5721,2019-08-09,190.00,285.00,2,68.89,2,Palermo_6,,,,,
92-776-2834,74-748-7404,2021-07-08,310.00,465.00,2,15.00,6,Ankara_6,,,,,
92-795-7087,85-427-4404,2021-07-29,125.00,187.50,3,11.23,4,Athens_4,,,,,
92-809-9028,04-732-9888,2020-03-10,190.00,285.00,2,54.08,1,Kusadasi_1,,,,,
92-833-3271,94-479-0084,2019-12-11,124.62,186.93,3,9.71,6,Corfu_1,,,,,
92-838-7961,44-929-7305,2021-04-20,144.09,216.14,2,11.23,3,Athens_6,,,,,
92-859-5564,78-969-3391,2021-01-16,168.27,252.41,2,17.40,6,Corfu_6,,,,,
92-873-3440,82-197-4890,2020-10-16,93.13,139.70,2,20.00,5,Ankara_2,,,,,
92-880-1942,70-610-7059,2021-06-05,101.60,152.40,1,30.00,4,Ankara_3,,,,,
93-057-9662,09-339-5822,2020-10-03,168.27,252.41,2,23.00,5,Palermo_6,,,,,
93-083-3241,53-132-9646,2019-12-17,190.00,285.00,2,37.04,2,Palermo_2,,,,,
93-396-2857,08-816-0158,2020-09-05,91.84,137.76,2,30.00,1,Roma_6,,,,,
93-409-8648,26-438-8798,2021-02-04,69.38,104.07,3,20.00,4,Palermo_4,,,,,
93-702-4764,18-423-4240,2021-06-17,83.99,125.99,1,24.00,6,Ankara_1,,,,,
93-829-0535,28-783-9841,2022-05-27,125.00,187.50,2,97.48,3,Athens_5,,,,,
93-829-3135,53-236-6596,2022-03-04,98.00,147.00,1,80.34,5,Roma_4,,,,,
93-892-9924,53-865-0514,2021-01-12,125.00,187.50,2,9.12,6,Roma_3,,,,,
94-106-4253,80-565-2790,2021-10-09,75.00,112.50,2,80.34,4,Athens_6,,,,,
94-148-7497,06-545-4037,2022-11-19,210.00,315.00,1,37.04,4,Corfu_4,,,,,
94-211-8782,91-067-3717,2020-10-13,310.00,465.00,2,20.00,2,Palermo_3,,,,,
94-670-7121,62-857-0603,2020-08-05,220.00,330.00,1,97.48,4,Roma_3,,,,,
95-007-7718,20-619-2889,2022-06-06,93.13,139.70,2,30.00,6,Corfu_5,,,,,
95-025-5981,91-336-4124,2020-03-08,210.00,315.00,1,89.84,1,Ankara_3,,,,,
95-337-7409,33-772-5377,2022-06-25,144.09,216.14,2,17.40,3,Palermo_5,,,,,
95-524-7993,54-947-0130,2021-12-02,83.99,125.99,1,61.49,4,Ankara_1,,,,,
95-551-4400,31-360-2315,2021-10-10,190.00,285.00,2,61.49,2,Athens_1,,,,,
95-581-1944,07-161-0216,2022-03-19,320.00,480.00,2,23.00,6,Palermo_6,,,,,
95-581-6863,71-011-7586,2021-11-21,124.62,186.93,1,91.41,5,Palermo_2,,,,,
95-587-8796,88-064-9725,2022-06-13,75.00,112.50,2,94.76,6,Kusadasi_4,,,,,
95-599-9120,29-913-3446,2022-06-03,44.57,66.86,1,47.84,1,Athens_3,,,,,
95-666-2867,55-350-7166,2019-11-17,75.00,112.50,3,35.44,2,Roma_4,,,,,
95-846-1036,90-947-8460,2020-10-25,220.00,330.00,1,61.49,5,Roma_6,,,,,
95-935-6126,11-687-7365,2021-06-08,119.80,179.70,3,53.53,4,Kusadasi_6,,,,,
96-049-6957,55-446-0184,2021-09-07,124.62,186.93,3,11.23,6,Corfu_4,,,,,
96-173-6690,54-610-9376,2021-04-01,119.80,179.70,3,31.20,2,Roma_3,,,,,
96-257-8035,64-206-9106,2021-01-22,101.60,152.40,1,54.08,2,Ankara_6,,,,,
96-458-9557,18-073-6715,2020-05-14,235.00,352.50,3,20.00,2,Kusadasi_2,,,,,
96-491-1316,84-776-0112,2019-07-10,52.08,78.12,2,98.01,6,Athens_3,,,,,
96-813-6384,60-022-9187,2022-10-23,119.80,179.70,1,54.08,4,Roma_2,,,,,
96-883-6756,14-064-2226,2021-09-06,75.00,112.50,2,10.00,4,Kusadasi_6,,,,,
96-993-3962,03-051-7819,2021-04-08,235.00,352.50,1,23.00,3,Palermo_4,,,,,
97-004-1775,84-107-5872,2020-11-01,52.08,78.12,3,99.24,3,Kusadasi_5,,,,,
97-039-9333,12-510-9183,2022-11-17,210.00,315.00,1,23.00,6,Athens_2,,,,,
97-219-4069,32-836-5069,2021-11-24,83.99,125.99,3,23.00,1,Ankara_5,,,,,
97-233-2887,40-581-7231,2020-09-23,133.17,199.76,1,20.33,2,Roma_4,,,,,
97-246-5273,97-710-2761,2021-06-05,225.00,337.50,1,17.40,5,Athens_2,,,,,
97-507-9861,86-200-6226,2020-12-24,93.13,139.70,2,97.48,1,Kusadasi_5,,,,,
97-554-4987,14-111-5943,2021-06-25,75.00,112.50,2,73.09,5,Ankara_4,,,,,
97-623-6572,38-609-7229,2022-01-22,125.00,187.50,3,51.05,6,Palermo_5,,,,,
97-662-2177,91-536-3437,2020-09-09,75.00,112.50,2,20.00,1,Ankara_4,,,,,
97-710-0241,13-617-0573,2021-04-13,101.60,152.40,1,24.00,6,Roma_4,,,,,
97-905-7691,81-070-8211,2019-12-22,52.08,78.12,2,53.53,1,Corfu_4,,,,,
97-946-2509,74-339-8181,2021-05-14,220.00,330.00,1,68.89,4,Athens_3,,,,,
97-995-3154,04-162-3406,2020-03-10,235.00,352.50,1,10.00,3,Palermo_5,,,,,
98-115-7191,34-259-4548,2021-06-20,190.00,285.00,3,15.00,5,Ankara_6,,,,,
98-148-9592,90-508-0061,2021-08-05,133.17,199.76,3,61.49,6,Ankara_1,,,,,
98-293-6058,59-164-4769,2019-08-25,168.27,252.41,2,91.14,2,Corfu_2,,,,,
98-391-7796,13-989-5109,2021-06-19,119.80,179.70,1,20.33,2,Corfu_5,,,,,
98-646-1456,00-896-7289,2022-06-28,119.80,179.70,3,80.34,2,Kusadasi_6,,,,,
98-889-5403,09-129-7277,2020-01-17,91.84,137.76,3,47.84,5,Corfu_5,,,,,
98-920-8331,15-794-0367,2020-08-12,125.00,187.50,2,98.01,1,Corfu_4,,,,,
99-207-8914,90-805-1347,2020-10-23,124.62,186.93,1,97.48,4,Palermo_5,,,,,
99-346-2194,21-516-0006,2022-01-27,119.80,179.70,1,9.12,6,Corfu_5,,,,,
99-664-1580,23-082-9045,2022-04-17,93.13,139.70,2,51.05,2,Roma_1,,,,,
99-679-0062,97-361-6034,2020-12-26,101.60,152.40,1,20.00,5,Ankara_1,,,,,
99-748-0471,16-794-2589,2019-11-05,125.00,187.50,2,91.41,2,Athens_6,,,,,
99-860-3106,61-440-3934,2020-04-08,168.27,252.41,2,53.53,4,Kusadasi_4,,,,,
99-862-6759,36-850-2399,2021-12-26,210.00,315.00,3,37.04,2,Ankara_5,,,,,
99-900-7458,07-117-6288,2021-01-26,69.38,104.07,2,24.00,2,Ankara_5,,,,,
